tmc_code,date_local,demand_capacity_ratio,P_hr,length_mi,freeflow_speed_mph,network_link_id,road_order,source_5min_bins,mean_pm_travel_time_min,mean_pm_speed_mph,complete_pm_window,alpha,beta,f_d,n,reliability,calibration_scope,n_episodes,duration_r2,speed_r2,free_flow_travel_time_min,observed_daily_pm_tti,analysis_eligible,analysis_scope,demand_capacity_basis,log_dc,observed_delay_tti,log_observed_delay,log_qvdf_delay,qvdf_daily_tti,log_delay_residual,log_observed_delay_within_tmc,log_qvdf_delay_within_tmc,log_delay_residual_within_tmc,residual_interpretation
110-04147,2025-10-01,0.5926130126603316,3.0,1.971115,70.26,39009,871.0,48,5.925625,30.045833333333334,True,0.3982570780043588,0.6110600280664913,4.449208452815888,1.0132378934563613,high,sensor_period,14,0.9791334373034624,0.1561491801460669,1.6832749786507255,3.520295302404985,True,accepted PM congestion episodes,episode vehicle demand divided by four-hour PM capacity,-0.5232136854939312,2.520295302404985,0.9243760781519244,-1.2403725269258552,1.2892764346032948,2.1647486050777793,1.3581201031904535,-0.12033434969916179,1.4784544528896153,day-to-day log-delay variation not reproduced by calibrated D/C and QVDF
110-04147,2025-10-06,1.002739524624523,4.5,1.971115,70.26,39009,871.0,48,3.3018750000000003,40.96333333333333,True,0.3982570780043588,0.6110600280664913,4.449208452815888,1.0132378934563613,high,sensor_period,14,0.9791334373034624,0.1561491801460669,1.6832749786507255,1.961577901340105,True,accepted PM congestion episodes,episode vehicle demand divided by four-hour PM capacity,0.002735778966261374,0.9615779013401049,-0.03917969660076249,-0.918985832411254,1.3989234111943507,0.8798061358104915,0.3945643284377668,0.20105234481543943,0.19351198362232735,day-to-day log-delay variation not reproduced by calibrated D/C and QVDF
110-04147,2025-10-07,0.6055526454364664,2.5,1.971115,70.26,39009,871.0,48,2.3139583333333333,53.83979166666666,True,0.3982570780043588,0.6110600280664913,4.449208452815888,1.0132378934563613,high,sensor_period,14,0.9791334373034624,0.1561491801460669,1.6832749786507255,1.3746763676058138,True,accepted PM congestion episodes,episode vehicle demand divided by four-hour PM capacity,-0.5016137743738623,0.3746763676058138,-0.9816926453454715,-1.2271736846305923,1.293119857211252,0.24548103928512077,-0.5479486203069422,-0.10713550740389888,-0.44081311290304337,day-to-day log-delay variation not reproduced by calibrated D/C and QVDF
110-04147,2025-10-09,0.4898045011031254,2.0,1.971115,70.26,39009,871.0,48,2.2622916666666666,55.425,True,0.3982570780043588,0.6110600280664913,4.449208452815888,1.0132378934563613,high,sensor_period,14,0.9791334373034624,0.1561491801460669,1.6832749786507255,1.3439822342515109,True,accepted PM congestion episodes,episode vehicle demand divided by four-hour PM capacity,-0.7137489448306608,0.34398223425151087,-1.067165267560069,-1.3568010078438135,1.2574831474428894,0.2896357402837446,-0.6334212425215396,-0.2367628306171201,-0.39665841190441953,day-to-day log-delay variation not reproduced by calibrated D/C and QVDF
110-04147,2025-10-10,1.6936071884431307,7.25,1.971115,70.26,39009,871.0,48,2.4379166666666667,53.27,True,0.3982570780043588,0.6110600280664913,4.449208452815888,1.0132378934563613,high,sensor_period,14,0.9791334373034624,0.1561491801460669,1.6832749786507255,1.4483175343227903,True,accepted PM congestion episodes,episode vehicle demand divided by four-hour PM capacity,0.5268606853046705,0.4483175343227903,-0.802253515663951,-0.5987140524337586,1.5495178330505976,-0.20353946323019234,-0.3685094906254217,0.5213241247929348,-0.8898336154183565,day-to-day log-delay variation not reproduced by calibrated D/C and QVDF
110-04147,2025-10-14,0.916443784132546,4.0,1.971115,70.26,39009,871.0,48,3.093958333333333,43.0,True,0.3982570780043588,0.6110600280664913,4.449208452815888,1.0132378934563613,high,sensor_period,14,0.9791334373034624,0.1561491801460669,1.6832749786507255,1.838058767922386,True,accepted PM congestion episodes,episode vehicle demand divided by four-hour PM capacity,-0.08725455113674327,0.8380587679223861,-0.17666705217329876,-0.9739753260497088,1.3775790508275743,0.7973082738764101,0.2570769728652305,0.1460628511769846,0.11101412168824598,day-to-day log-delay variation not reproduced by calibrated D/C and QVDF
110-04147,2025-10-20,0.6726449103930429,3.0,1.971115,70.26,39009,871.0,48,3.06125,44.51333333333333,True,0.3982570780043588,0.6110600280664913,4.449208452815888,1.0132378934563613,high,sensor_period,14,0.9791334373034624,0.1561491801460669,1.6832749786507255,1.818627401242444,True,accepted PM congestion episodes,episode vehicle demand divided by four-hour PM capacity,-0.3965377105802997,0.8186274012424439,-0.20012624218519628,-1.1629659021397816,1.3125577889882423,0.9628396599545853,0.23361778285333298,-0.04292772491308816,0.2765455077664212,day-to-day log-delay variation not reproduced by calibrated D/C and QVDF
110-04147,2025-10-22,0.479689367902772,2.0,1.971115,70.26,39009,871.0,48,2.2375000000000003,54.982708333333335,True,0.3982570780043588,0.6110600280664913,4.449208452815888,1.0132378934563613,high,sensor_period,14,0.9791334373034624,0.1561491801460669,1.6832749786507255,1.3292540009081155,True,accepted PM congestion episodes,episode vehicle demand divided by four-hour PM capacity,-0.7346165347748379,0.3292540009081155,-1.11092578685136,-1.3695523579407824,1.2542207339786453,0.25862657108942244,-0.6771817618128307,-0.24951418071408904,-0.4276675810987417,day-to-day log-delay variation not reproduced by calibrated D/C and QVDF
110-04147,2025-10-23,0.879935350005126,4.0,1.971115,70.26,39009,871.0,48,3.114791666666666,44.845416666666665,True,0.3982570780043588,0.6110600280664913,4.449208452815888,1.0132378934563613,high,sensor_period,14,0.9791334373034624,0.1561491801460669,1.6832749786507255,1.850435434597508,True,accepted PM congestion episodes,episode vehicle demand divided by four-hour PM capacity,-0.12790684011190243,0.850435434597508,-0.1620067846692608,-0.9988163148918366,1.3683151524091348,0.8368095302225759,0.2717372403692685,0.12122186233485677,0.15051537803441173,day-to-day log-delay variation not reproduced by calibrated D/C and QVDF
110-04147,2025-10-24,0.5904138113891994,2.5,1.971115,70.26,39009,871.0,48,2.6822916666666665,49.21666666666667,True,0.3982570780043588,0.6110600280664913,4.449208452815888,1.0132378934563613,high,sensor_period,14,0.9791334373034624,0.1561491801460669,1.6832749786507255,1.5934958344219727,True,accepted PM congestion episodes,episode vehicle demand divided by four-hour PM capacity,-0.5269316126951036,0.5934958344219727,-0.5217250836226346,-1.242644403625753,1.288619980185791,0.7209193200031183,-0.08798105858410532,-0.12260622639905949,0.03462516781495417,day-to-day log-delay variation not reproduced by calibrated D/C and QVDF
110-04147,2025-10-28,0.3360890015587616,1.5,1.971115,70.26,39009,871.0,48,2.1129166666666666,58.47479166666667,True,0.3982570780043588,0.6110600280664913,4.449208452815888,1.0132378934563613,high,sensor_period,14,0.9791334373034624,0.1561491801460669,1.6832749786507255,1.2552415341908851,True,accepted PM congestion episodes,episode vehicle demand divided by four-hour PM capacity,-1.0903792685033749,0.25524153419088513,-1.3655449892224143,-1.5869447439979538,1.204549609434398,0.22139975477553953,-0.931800964183885,-0.4669065667712604,-0.4648943974126246,day-to-day log-delay variation not reproduced by calibrated D/C and QVDF
110-04147,2025-10-29,0.9369676177940188,4.0,1.971115,70.26,39009,871.0,48,3.0095833333333335,42.88520833333333,True,0.3982570780043588,0.6110600280664913,4.449208452815888,1.0132378934563613,high,sensor_period,14,0.9791334373034624,0.1561491801460669,1.6832749786507255,1.7879332678881414,True,accepted PM congestion episodes,episode vehicle demand divided by four-hour PM capacity,-0.06510655679232714,0.7879332678881414,-0.23834187813141097,-0.9604415720039934,1.3827238485199878,0.7220996938725824,0.1954021469071183,0.15959660522270003,0.035805541684418296,day-to-day log-delay variation not reproduced by calibrated D/C and QVDF
110-04147,2025-10-30,0.6463014864912954,3.25,1.971115,70.26,39009,871.0,48,2.735416666666667,47.081875,True,0.3982570780043588,0.6110600280664913,4.449208452815888,1.0132378934563613,high,sensor_period,14,0.9791334373034624,0.1561491801460669,1.6832749786507255,1.6250563344435345,True,accepted PM congestion episodes,episode vehicle demand divided by four-hour PM capacity,-0.436489186713928,0.6250563344435345,-0.4699134981980053,-1.1873786522672942,1.3050197799241248,0.7174651540692889,-0.03616947315947605,-0.06734047504060081,0.03117100188112476,day-to-day log-delay variation not reproduced by calibrated D/C and QVDF
110-04147,2025-10-31,1.1120349429070395,5.25,1.971115,70.26,39009,871.0,48,3.6170833333333334,33.77854166666667,True,0.3982570780043588,0.6110600280664913,4.449208452815888,1.0132378934563613,high,sensor_period,14,0.9791334373034624,0.1561491801460669,1.6832749786507255,2.1488368681347025,True,accepted PM congestion episodes,episode vehicle demand divided by four-hour PM capacity,0.10619161881223703,1.1488368681347025,0.13875001153250124,-0.8557681040113296,1.4249566547802288,0.9945181155438308,0.5724940365710305,0.2642700732153638,0.3082239633556667,day-to-day log-delay variation not reproduced by calibrated D/C and QVDF
110-04153,2025-10-01,1.1608590074469505,6.0,1.714464,69.29,31931,859.0,48,6.0441666666666665,17.665,True,1.2559874995691738,0.9792647236285412,5.266669340466717,1.0418326551463224,high,sensor_period,18,0.9183770118323548,0.6199240704821818,1.4845986433828835,4.071246254741359,True,accepted PM congestion episodes,episode vehicle demand divided by four-hour PM capacity,0.1491602547270776,3.071246254741359,1.1220834253950753,0.37398949104584034,2.4535218753818318,0.748093934349235,0.001655782569446096,-0.021447027188243317,0.023102809757689413,day-to-day log-delay variation not reproduced by calibrated D/C and QVDF
110-04153,2025-10-02,2.3197407505516177,11.25,1.714464,69.29,31931,859.0,48,6.725208333333334,15.82625,True,1.2559874995691738,0.9792647236285412,5.266669340466717,1.0418326551463224,high,sensor_period,18,0.9183770118323548,0.6199240704821818,1.4845986433828835,4.52998415653198,True,accepted PM congestion episodes,episode vehicle demand divided by four-hour PM capacity,0.8414554339823415,3.52998415653198,1.2612933827005668,1.0519297384286177,3.8631709614552885,0.2093636442719491,0.14086573987493756,0.656493220194534,-0.5156274803195965,day-to-day log-delay variation not reproduced by calibrated D/C and QVDF
110-04153,2025-10-03,1.1835897975333314,6.5,1.714464,69.29,31931,859.0,48,6.777291666666667,15.599166666666669,True,1.2559874995691738,0.9792647236285412,5.266669340466717,1.0418326551463224,high,sensor_period,18,0.9183770118323548,0.6199240704821818,1.4845986433828835,4.565066590134811,True,accepted PM congestion episodes,episode vehicle demand divided by four-hour PM capacity,0.1685520216464515,3.565066590134811,1.2711827325515062,0.3929791643188101,2.4813875232895537,0.8782035682326961,0.15075508972587692,-0.0024573539152735746,0.1532124436411505,day-to-day log-delay variation not reproduced by calibrated D/C and QVDF
110-04153,2025-10-07,1.0443573108911746,5.75,1.714464,69.29,31931,859.0,48,6.91125,15.148541666666668,True,1.2559874995691738,0.9792647236285412,5.266669340466717,1.0418326551463224,high,sensor_period,18,0.9183770118323548,0.6199240704821818,1.4845986433828835,4.655298609361293,True,accepted PM congestion episodes,episode vehicle demand divided by four-hour PM capacity,0.04340168271712558,3.655298609361293,1.2961777887322299,0.2704238522551655,2.3105197998045415,1.0257539364770643,0.17575014590660065,-0.12501266597891814,0.3007628118855187,day-to-day log-delay variation not reproduced by calibrated D/C and QVDF
110-04153,2025-10-08,1.157116234383625,6.5,1.714464,69.29,31931,859.0,48,6.794583333333333,15.806041666666667,True,1.2559874995691738,0.9792647236285412,5.266669340466717,1.0418326551463224,high,sensor_period,18,0.9183770118323548,0.6199240704821818,1.4845986433828835,4.576713958090951,True,accepted PM congestion episodes,episode vehicle demand divided by four-hour PM capacity,0.14593090503561404,3.5767139580909513,1.2744444900933154,0.37082710281272935,2.4489325353686993,0.903617387280586,0.15401684726768616,-0.024609415421354308,0.17862626268904047,day-to-day log-delay variation not reproduced by calibrated D/C and QVDF
110-04153,2025-10-09,1.3336052620247416,7.0,1.714464,69.29,31931,859.0,48,6.582083333333333,16.29,True,1.2559874995691738,0.9792647236285412,5.266669340466717,1.0418326551463224,high,sensor_period,18,0.9183770118323548,0.6199240704821818,1.4845986433828835,4.4335776289914,True,accepted PM congestion episodes,episode vehicle demand divided by four-hour PM capacity,0.28788599817607313,3.4335776289914,1.2336027581113143,0.5098387178645849,2.66502263488343,0.7237640402467294,0.11317511528568502,0.11440219963050124,-0.0012270843448162205,day-to-day log-delay variation not reproduced by calibrated D/C and QVDF
110-04153,2025-10-13,0.7182016553926233,3.0,1.714464,69.29,31931,859.0,48,2.056666666666666,54.2225,True,1.2559874995691738,0.9792647236285412,5.266669340466717,1.0418326551463224,high,sensor_period,18,0.9183770118323548,0.6199240704821818,1.4845986433828835,1.3853351381085997,True,accepted PM congestion episodes,episode vehicle demand divided by four-hour PM capacity,-0.3310048922740929,0.38533513810859965,-0.9536418347560559,-0.09621929892831879,1.9082648127269042,-0.8574225358277371,-2.074069477581685,-0.4916558171624025,-1.5824136604192827,day-to-day log-delay variation not reproduced by calibrated D/C and QVDF
110-04153,2025-10-17,1.4052373226508144,7.5,1.714464,69.29,31931,859.0,48,6.895416666666667,15.403541666666667,True,1.2559874995691738,0.9792647236285412,5.266669340466717,1.0418326551463224,high,sensor_period,18,0.9183770118323548,0.6199240704821818,1.4845986433828835,4.6446335495460325,True,accepted PM congestion episodes,episode vehicle demand divided by four-hour PM capacity,0.34020620144025737,3.6446335495460325,1.29325582530266,0.5610740472542753,2.7525538154179965,0.7321817780483847,0.1728281824770308,0.1656375290201917,0.007190653456839113,day-to-day log-delay variation not reproduced by calibrated D/C and QVDF
110-04153,2025-10-20,1.2162591376160703,6.25,1.714464,69.29,31931,859.0,48,6.065833333333334,18.033333333333335,True,1.2559874995691738,0.9792647236285412,5.266669340466717,1.0418326551463224,high,sensor_period,18,0.9183770118323548,0.6199240704821818,1.4845986433828835,4.085840547120137,True,accepted PM congestion episodes,episode vehicle demand divided by four-hour PM capacity,0.19577986743215406,3.085840547120137,1.126824082845878,0.41964243319714667,2.5214174499739803,0.7071816496487313,0.00639644002024875,0.024205914963063013,-0.017809474942814263,day-to-day log-delay variation not reproduced by calibrated D/C and QVDF
110-04153,2025-10-21,1.0647788794545257,5.75,1.714464,69.29,31931,859.0,48,6.666666666666667,16.188333333333333,True,1.2559874995691738,0.9792647236285412,5.266669340466717,1.0418326551463224,high,sensor_period,18,0.9183770118323548,0.6199240704821818,1.4845986433828835,4.490551501162398,True,accepted PM congestion episodes,episode vehicle demand divided by four-hour PM capacity,0.06276715267902169,3.4905515011623978,1.2500597469856778,0.28938777384533854,2.3356095425728425,0.9606719731403393,0.12963210416004856,-0.10604874438874512,0.23568084854879368,day-to-day log-delay variation not reproduced by calibrated D/C and QVDF
110-04153,2025-10-22,1.151684600549444,6.25,1.714464,69.29,31931,859.0,48,6.740833333333334,16.092916666666667,True,1.2559874995691738,0.9792647236285412,5.266669340466717,1.0418326551463224,high,sensor_period,18,0.9183770118323548,0.6199240704821818,1.4845986433828835,4.540508886612829,True,accepted PM congestion episodes,episode vehicle demand divided by four-hour PM capacity,0.14122574054267664,3.5405088866128294,1.2642704700946306,0.36621950120592617,2.4422717883089757,0.8980509688887044,0.14384282726900133,-0.029217017028157488,0.17305984429715882,day-to-day log-delay variation not reproduced by calibrated D/C and QVDF
110-04153,2025-10-23,1.3058307959279047,7.5,1.714464,69.29,31931,859.0,48,8.243541666666667,14.830833333333333,True,1.2559874995691738,0.9792647236285412,5.266669340466717,1.0418326551463224,high,sensor_period,18,0.9183770118323548,0.6199240704821818,1.4845986433828835,5.552707260921716,True,accepted PM congestion episodes,episode vehicle demand divided by four-hour PM capacity,0.2668394634468898,4.552707260921716,1.5157220584194924,0.4892285888496727,2.6310575185730043,1.0264934695698198,0.39529441559386314,0.09379207061558903,0.3015023449782742,day-to-day log-delay variation not reproduced by calibrated D/C and QVDF
110-04153,2025-10-24,1.2100129055336963,6.25,1.714464,69.29,31931,859.0,48,5.800208333333334,18.245208333333338,True,1.2559874995691738,0.9792647236285412,5.266669340466717,1.0418326551463224,high,sensor_period,18,0.9183770118323548,0.6199240704821818,1.4845986433828835,3.9069201357456977,True,accepted PM congestion episodes,episode vehicle demand divided by four-hour PM capacity,0.19063102528209877,2.9069201357456977,1.0670941481156515,0.4146003537120658,2.513765648966359,0.6524937944035858,-0.053333494709977725,0.019163835477982116,-0.07249733018795979,day-to-day log-delay variation not reproduced by calibrated D/C and QVDF
110-04153,2025-10-27,1.1693632372753338,6.5,1.714464,69.29,31931,859.0,48,7.083749999999999,15.017708333333331,True,1.2559874995691738,0.9792647236285412,5.266669340466717,1.0418326551463224,high,sensor_period,18,0.9183770118323548,0.6199240704821818,1.4845986433828835,4.77149162945387,True,accepted PM congestion episodes,episode vehicle demand divided by four-hour PM capacity,0.15645935901141023,3.7714916294538696,1.3274705808881309,0.3811372463855732,2.4639485132645857,0.9463333345025576,0.20704293806250162,-0.014299271848510431,0.22134220991101206,day-to-day log-delay variation not reproduced by calibrated D/C and QVDF
110-04153,2025-10-28,1.122478801520281,6.0,1.714464,69.29,31931,859.0,48,6.6035416666666675,16.400000000000002,True,1.2559874995691738,0.9792647236285412,5.266669340466717,1.0418326551463224,high,sensor_period,18,0.9183770118323548,0.6199240704821818,1.4845986433828835,4.4480315916357664,True,accepted PM congestion episodes,episode vehicle demand divided by four-hour PM capacity,0.11553945539606393,3.4480315916357664,1.2378035150668298,0.3410658282807846,2.4064458217253772,0.8967376867860453,0.11737587224120061,-0.05437068995329908,0.17174656219449969,day-to-day log-delay variation not reproduced by calibrated D/C and QVDF
110-04153,2025-10-29,1.292040679767979,7.0,1.714464,69.29,31931,859.0,48,6.983125,15.185833333333331,True,1.2559874995691738,0.9792647236285412,5.266669340466717,1.0418326551463224,high,sensor_period,18,0.9183770118323548,0.6199240704821818,1.4845986433828835,4.703712367733201,True,accepted PM congestion episodes,episode vehicle demand divided by four-hour PM capacity,0.25622289075326865,3.7037123677332007,1.3093356592689904,0.47883215372497145,2.614188177346833,0.830503505544019,0.1889080164433612,0.0833956354908878,0.1055123809524734,day-to-day log-delay variation not reproduced by calibrated D/C and QVDF
110-04153,2025-10-30,0.9695406424529496,5.0,1.714464,69.29,31931,859.0,48,5.402916666666666,22.088333333333335,True,1.2559874995691738,0.9792647236285412,5.266669340466717,1.0418326551463224,high,sensor_period,18,0.9183770118323548,0.6199240704821818,1.4845986433828835,3.6393113322233,True,accepted PM congestion episodes,episode vehicle demand divided by four-hour PM capacity,-0.030932884133276523,2.6393113322233,0.9705180241222704,0.19763063319235916,2.218512232716006,0.7728873909299112,-0.14990961870335884,-0.1978058850417245,0.047896266338365634,day-to-day log-delay variation not reproduced by calibrated D/C and QVDF
110-04153,2025-10-31,1.0821888197639138,6.0,1.714464,69.29,31931,859.0,48,6.933125,15.446666666666667,True,1.2559874995691738,0.9792647236285412,5.266669340466717,1.0418326551463224,high,sensor_period,18,0.9183770118323548,0.6199240704821818,1.4845986433828835,4.670033231474482,True,accepted PM congestion episodes,episode vehicle demand divided by four-hour PM capacity,0.07898567514736435,3.6700332314744823,1.3002007169231626,0.30527000076796335,2.3569913422525874,0.9949307161551992,0.1797730740975334,-0.09016651746612031,0.26993959156365366,day-to-day log-delay variation not reproduced by calibrated D/C and QVDF
110-04154,2025-10-02,1.2859816415972627,5.75,2.619553,68.91,31922,857.0,48,5.4558333333333335,32.33,True,0.9076913874084394,0.7490343073401137,4.807650431336081,1.1061377543776325,high,sensor_period,17,0.9004781809353635,0.1923463711648644,2.280847191989551,2.3920205406545825,True,accepted PM congestion episodes,episode vehicle demand divided by four-hour PM capacity,0.25152235012819824,1.3920205406545825,0.33075631802072847,0.09154802944634255,2.095869409429569,0.23920828857438592,-0.25108977990667525,0.15908336330256467,-0.4101731432092399,day-to-day log-delay variation not reproduced by calibrated D/C and QVDF
110-04154,2025-10-03,0.7894474748620861,3.5,2.619553,68.91,31922,857.0,48,4.663125,39.01625,True,0.9076913874084394,0.7490343073401137,4.807650431336081,1.1061377543776325,high,sensor_period,17,0.9004781809353635,0.1923463711648644,2.280847191989551,2.0444705881117886,True,accepted PM congestion episodes,episode vehicle demand divided by four-hour PM capacity,-0.23642197712333732,1.0444705881117886,0.043510142797325735,-0.27393901173704915,1.7603784480075002,0.3174491545343749,-0.5383359551300779,-0.20640367788082703,-0.33193227724925095,day-to-day log-delay variation not reproduced by calibrated D/C and QVDF
110-04154,2025-10-07,0.9177573015224588,4.5,2.619553,68.91,31922,857.0,48,6.917291666666666,26.41875,True,0.9076913874084394,0.7490343073401137,4.807650431336081,1.1061377543776325,high,sensor_period,17,0.9004781809353635,0.1923463711648644,2.280847191989551,3.032772949876054,True,accepted PM congestion episodes,episode vehicle demand divided by four-hour PM capacity,-0.08582230074203467,2.032772949876054,0.709400846105319,-0.16113468745313483,1.8511774204673945,0.8705355335584538,0.12755474817791523,-0.0935993535969127,0.22115410177482797,day-to-day log-delay variation not reproduced by calibrated D/C and QVDF
110-04154,2025-10-08,0.9919603669104776,4.75,2.619553,68.91,31922,857.0,48,6.7664583333333335,24.9175,True,0.9076913874084394,0.7490343073401137,4.807650431336081,1.1061377543776325,high,sensor_period,17,0.9004781809353635,0.1923463711648644,2.280847191989551,2.966642551547281,True,accepted PM congestion episodes,episode vehicle demand divided by four-hour PM capacity,-0.008072125206607161,1.966642551547281,0.6763278002432747,-0.10289713857538363,1.9022197723198222,0.7792249388186583,0.09448170231587094,-0.03536180471916149,0.12984350703503245,day-to-day log-delay variation not reproduced by calibrated D/C and QVDF
110-04154,2025-10-09,1.1159656070623385,5.0,2.619553,68.91,31922,857.0,48,5.327083333333333,32.2525,True,0.9076913874084394,0.7490343073401137,4.807650431336081,1.1061377543776325,high,sensor_period,17,0.9004781809353635,0.1923463711648644,2.280847191989551,2.3355722172192483,True,accepted PM congestion episodes,episode vehicle demand divided by four-hour PM capacity,0.10972004543973395,1.3355722172192483,0.28935982714836833,-0.014666761625213048,1.9854402714081394,0.30402658877358135,-0.2924862707790354,0.05286857223100909,-0.3453548430100445,day-to-day log-delay variation not reproduced by calibrated D/C and QVDF
110-04154,2025-10-10,1.2448086772502018,6.25,2.619553,68.91,31922,857.0,48,5.565625,32.78270833333333,True,0.9076913874084394,0.7490343073401137,4.807650431336081,1.1061377543776325,high,sensor_period,17,0.9004781809353635,0.1923463711648644,2.280847191989551,2.4401568941342284,True,accepted PM congestion episodes,episode vehicle demand divided by four-hour PM capacity,0.2189818452163782,1.4401568941342284,0.3647520619127058,0.06717407488921986,2.0694816318683786,0.2975779870234859,-0.2170940360146979,0.13470940874544202,-0.3518034447601399,day-to-day log-delay variation not reproduced by calibrated D/C and QVDF
110-04154,2025-10-14,1.4557114669160969,7.0,2.619553,68.91,31922,857.0,48,7.246041666666667,22.50125,True,0.9076913874084394,0.7490343073401137,4.807650431336081,1.1061377543776325,high,sensor_period,17,0.9004781809353635,0.1923463711648644,2.280847191989551,3.1769079893274417,True,accepted PM congestion episodes,episode vehicle demand divided by four-hour PM capacity,0.3754947618097004,2.1769079893274417,0.7779055164659961,0.1844076189594799,2.2025058874083574,0.5934978975065163,0.19605941853859243,0.25194295281570206,-0.05588353427710957,day-to-day log-delay variation not reproduced by calibrated D/C and QVDF
110-04154,2025-10-15,1.2748540274883224,6.75,2.619553,68.91,31922,857.0,48,8.186666666666666,20.515833333333333,True,0.9076913874084394,0.7490343073401137,4.807650431336081,1.1061377543776325,high,sensor_period,17,0.9004781809353635,0.1923463711648644,2.280847191989551,3.5893095755904407,True,accepted PM congestion episodes,episode vehicle demand divided by four-hour PM capacity,0.24283168381165715,2.5893095755904407,0.9513912670434097,0.08503842222160815,2.0887588984304326,0.8663528448218015,0.369545169116006,0.1525737560778303,0.2169714130381757,day-to-day log-delay variation not reproduced by calibrated D/C and QVDF
110-04154,2025-10-17,0.9675726235093448,5.0,2.619553,68.91,31922,857.0,48,5.840208333333333,31.051041666666663,True,0.9076913874084394,0.7490343073401137,4.807650431336081,1.1061377543776325,high,sensor_period,17,0.9004781809353635,0.1923463711648644,2.280847191989551,2.5605434479979343,True,accepted PM congestion episodes,episode vehicle demand divided by four-hour PM capacity,-0.03296479383653628,1.5605434479979343,0.44503412469800063,-0.12154260138044956,1.885553326751089,0.5665767260784502,-0.13681197322940308,-0.05400726752422742,-0.08280470570517562,day-to-day log-delay variation not reproduced by calibrated D/C and QVDF
110-04154,2025-10-21,0.875830329927175,4.25,2.619553,68.91,31922,857.0,48,6.475833333333333,27.244375,True,0.9076913874084394,0.7490343073401137,4.807650431336081,1.1061377543776325,high,sensor_period,17,0.9004781809353635,0.1923463711648644,2.280847191989551,2.8392227923364532,True,accepted PM congestion episodes,episode vehicle demand divided by four-hour PM capacity,-0.13258289410329807,1.8392227923364532,0.6093430869174802,-0.19615997611230146,1.8218807428746726,0.8055030630297817,0.027496988990076465,-0.12862464225607934,0.15612163124615586,day-to-day log-delay variation not reproduced by calibrated D/C and QVDF
110-04154,2025-10-22,0.9453705271567944,4.5,2.619553,68.91,31922,857.0,48,6.6433333333333335,27.787916666666664,True,0.9076913874084394,0.7490343073401137,4.807650431336081,1.1061377543776325,high,sensor_period,17,0.9004781809353635,0.1923463711648644,2.280847191989551,2.912660416999898,True,accepted PM congestion episodes,episode vehicle demand divided by four-hour PM capacity,-0.05617833610705342,1.912660416999898,0.6484951613708582,-0.13893034093595683,1.8702886498396079,0.787425502306815,0.06664906344345445,-0.07139500707973469,0.13804407052318912,day-to-day log-delay variation not reproduced by calibrated D/C and QVDF
110-04154,2025-10-23,1.0431001683862315,5.75,2.619553,68.91,31922,857.0,48,9.730833333333331,21.005,True,0.9076913874084394,0.7490343073401137,4.807650431336081,1.1061377543776325,high,sensor_period,17,0.9004781809353635,0.1923463711648644,2.280847191989551,4.266324095497718,True,accepted PM congestion episodes,episode vehicle demand divided by four-hour PM capacity,0.04219721012843177,3.266324095497718,1.1836652227841191,-0.06524368180225484,1.936839144908751,1.248908904586374,0.6018191248567154,0.002291652053967294,0.5995274728027481,day-to-day log-delay variation not reproduced by calibrated D/C and QVDF
110-04154,2025-10-27,1.068885402294714,5.25,2.619553,68.91,31922,857.0,48,7.425208333333334,22.38416666666667,True,0.9076913874084394,0.7490343073401137,4.807650431336081,1.1061377543776325,high,sensor_period,17,0.9004781809353635,0.1923463711648644,2.280847191989551,3.255460672425156,True,accepted PM congestion episodes,episode vehicle demand divided by four-hour PM capacity,0.06661642544963364,2.255460672425156,0.8133542414142134,-0.046952851768349305,1.9541323821844716,0.8603070931825627,0.2315081434868097,0.020582482087872833,0.21092566139893687,day-to-day log-delay variation not reproduced by calibrated D/C and QVDF
110-04154,2025-10-28,0.8986172449827834,4.25,2.619553,68.91,31922,857.0,48,6.460416666666667,29.543958333333332,True,0.9076913874084394,0.7490343073401137,4.807650431336081,1.1061377543776325,high,sensor_period,17,0.9004781809353635,0.1923463711648644,2.280847191989551,2.832463607976883,True,accepted PM congestion episodes,episode vehicle demand divided by four-hour PM capacity,-0.10689809158565933,1.8324636079768828,0.6056612953601263,-0.1769211778493343,1.8378458227299967,0.7825824732094606,0.023815197432722535,-0.10938584399311217,0.13320104142583478,day-to-day log-delay variation not reproduced by calibrated D/C and QVDF
110-04154,2025-10-29,1.127278874155467,5.5,2.619553,68.91,31922,857.0,48,7.84625,21.57041666666667,True,0.9076913874084394,0.7490343073401137,4.807650431336081,1.1061377543776325,high,sensor_period,17,0.9004781809353635,0.1923463711648644,2.280847191989551,3.4400594777047844,True,accepted PM congestion episodes,episode vehicle demand divided by four-hour PM capacity,0.11980665267760342,2.4400594777047844,0.8920224151165361,-0.007111546759383705,1.9929136804523497,0.8991339618759199,0.3101763171891324,0.06042378709683843,0.24975253009229403,day-to-day log-delay variation not reproduced by calibrated D/C and QVDF
110-04154,2025-10-30,0.794899496354861,3.5,2.619553,68.91,31922,857.0,48,4.09,44.08833333333333,True,0.9076913874084394,0.7490343073401137,4.807650431336081,1.1061377543776325,high,sensor_period,17,0.9004781809353635,0.1923463711648644,2.280847191989551,1.7931933425282864,True,accepted PM congestion episodes,episode vehicle demand divided by four-hour PM capacity,-0.22953959199886648,0.7931933425282864,-0.23168827555340538,-0.2687838691624932,1.764308428418839,0.03709559360908782,-0.8135343734808091,-0.20124853530627107,-0.612285838174538,day-to-day log-delay variation not reproduced by calibrated D/C and QVDF
110-04154,2025-10-31,1.135020401931368,5.5,2.619553,68.91,31922,857.0,48,7.266875,22.88291666666667,True,0.9076913874084394,0.7490343073401137,4.807650431336081,1.1061377543776325,high,sensor_period,17,0.9004781809353635,0.1923463711648644,2.280847191989551,3.1860420222457804,True,accepted PM congestion episodes,episode vehicle demand divided by four-hour PM capacity,0.12665062604174063,2.1860420222457804,0.7820926129208067,-0.001985175911123016,1.9980167932473185,0.7840777888319297,0.20024651499340296,0.06555015794509912,0.13469635704830385,day-to-day log-delay variation not reproduced by calibrated D/C and QVDF
110-04156,2025-10-01,0.6384177621865236,2.75,0.456485,67.155,32831,853.0,48,0.6547916666666667,45.849583333333335,True,0.4974745004559507,2.2574301875102205,4.251688471153309,1.026446374806519,medium,sensor_period,9,0.9877782021521078,0.3697061670521058,0.4078490060308242,1.6054756956234415,True,accepted PM congestion episodes,episode vehicle demand divided by four-hour PM capacity,-0.44876241025971203,0.6054756956234415,-0.5017408561448159,-1.7112607910021342,1.180637902344387,1.2095199348573185,0.06694704750675573,-0.24141759803027352,0.3083646455370296,day-to-day log-delay variation not reproduced by calibrated D/C and QVDF
110-04156,2025-10-02,0.7969182170494788,3.25,0.456485,67.155,32831,853.0,48,0.6237499999999999,44.90895833333334,True,0.4974745004559507,2.2574301875102205,4.251688471153309,1.026446374806519,medium,sensor_period,9,0.9877782021521078,0.3697061670521058,0.4078490060308242,1.5293650119938222,True,accepted PM congestion episodes,episode vehicle demand divided by four-hour PM capacity,-0.22700321894578043,0.5293650119938222,-0.63607708129795,-1.2106548981722107,1.2980020545098296,0.5745778168742607,-0.06738917764637842,0.25918829479965,-0.3265774724460282,day-to-day log-delay variation not reproduced by calibrated D/C and QVDF
110-04156,2025-10-08,0.5386805298924205,2.25,0.456485,67.155,32831,853.0,48,0.5452083333333333,52.62916666666666,True,0.4974745004559507,2.2574301875102205,4.251688471153309,1.026446374806519,medium,sensor_period,9,0.9877782021521078,0.3697061670521058,0.4078490060308242,1.3367896581121688,True,accepted PM congestion episodes,episode vehicle demand divided by four-hour PM capacity,-0.6186325927139518,0.33678965811216877,-1.0882967034032027,-2.0947308688322037,1.1231033701498496,1.006434165429001,-0.5196087997516311,-0.624887675860343,0.10527887610871212,day-to-day log-delay variation not reproduced by calibrated D/C and QVDF
110-04156,2025-10-14,1.0652866507812129,4.75,0.456485,67.155,32831,853.0,48,0.9547916666666666,31.469791666666666,True,0.4974745004559507,2.2574301875102205,4.251688471153309,1.026446374806519,medium,sensor_period,9,0.9877782021521078,0.3697061670521058,0.4078490060308242,2.341042034057344,True,accepted PM congestion episodes,episode vehicle demand divided by four-hour PM capacity,0.06324391860861195,1.341042034057344,0.29344694911577746,-0.555442248018494,1.573818435007651,0.8488891971342714,0.8621348527673491,0.9144009449533668,-0.05226609218601752,day-to-day log-delay variation not reproduced by calibrated D/C and QVDF
110-04156,2025-10-17,0.9511485989559684,4.0,0.456485,67.155,32831,853.0,48,0.680625,43.142500000000005,True,0.4974745004559507,2.2574301875102205,4.251688471153309,1.026446374806519,medium,sensor_period,9,0.9877782021521078,0.3697061670521058,0.4078490060308242,1.668816130321917,True,accepted PM congestion episodes,episode vehicle demand divided by four-hour PM capacity,-0.05008497316915742,0.6688161303219169,-0.4022460991981852,-0.8112743094347094,1.4442915404332894,0.40902821023652414,0.1664418044533864,0.6585688835371514,-0.49212707908376474,day-to-day log-delay variation not reproduced by calibrated D/C and QVDF
110-04156,2025-10-20,0.3631293037484641,1.5,0.456485,67.155,32831,853.0,48,0.519375,54.515416666666674,True,0.4974745004559507,2.2574301875102205,4.251688471153309,1.026446374806519,medium,sensor_period,9,0.9877782021521078,0.3697061670521058,0.4078490060308242,1.2734492234136938,True,accepted PM congestion episodes,episode vehicle demand divided by four-hour PM capacity,-1.0129962994710793,0.2734492234136938,-1.296639329150624,-2.9849794053241716,1.0505405444045448,1.6883400761735476,-0.7279514254990523,-1.5151362123523109,0.7871847868532588,day-to-day log-delay variation not reproduced by calibrated D/C and QVDF
110-04156,2025-10-21,0.8298914971408684,3.5,0.456485,67.155,32831,853.0,48,0.6958333333333333,42.43625,True,0.4974745004559507,2.2574301875102205,4.251688471153309,1.026446374806519,medium,sensor_period,9,0.9877782021521078,0.3697061670521058,0.4078490060308242,1.7061052572008573,True,accepted PM congestion episodes,episode vehicle demand divided by four-hour PM capacity,-0.18646031307322883,0.7061052572008573,-0.34799096308200506,-1.1191321185661272,1.3265630897145337,0.7711411554841221,0.22069694056956657,0.35071107440573357,-0.13001413383616678,day-to-day log-delay variation not reproduced by calibrated D/C and QVDF
110-04156,2025-10-28,0.6402908414396333,2.75,0.456485,67.155,32831,853.0,48,0.7139583333333334,43.2275,True,0.4974745004559507,2.2574301875102205,4.251688471153309,1.026446374806519,medium,sensor_period,9,0.9877782021521078,0.3697061670521058,0.4078490060308242,1.7505457234812392,True,accepted PM congestion episodes,episode vehicle demand divided by four-hour PM capacity,-0.4458327661054631,0.7505457234812392,-0.28695470573877835,-1.7046473238496698,1.1818365042665564,1.4176926181108915,0.2817331979127933,-0.23480413087780905,0.5165373287906027,day-to-day log-delay variation not reproduced by calibrated D/C and QVDF
110-04156,2025-10-30,0.8608447644608359,3.5,0.456485,67.155,32831,853.0,48,0.581875,47.73041666666666,True,0.4974745004559507,2.2574301875102205,4.251688471153309,1.026446374806519,medium,sensor_period,9,0.9877782021521078,0.3697061670521058,0.4078490060308242,1.4266922105874236,True,accepted PM congestion episodes,episode vehicle demand divided by four-hour PM capacity,-0.14984108760328124,0.42669221058742357,-0.8516923439643609,-1.0364667735470245,1.3547057262008395,0.18477442958266366,-0.28300444031278926,0.4333764194248362,-0.7163808597376252,day-to-day log-delay variation not reproduced by calibrated D/C and QVDF
110N04149,2025-10-01,0.6376805883683246,3.25,1.012366,71.0155,38973,868.0,48,2.3175,40.685833333333335,True,1.1452974152429738,1.387334158311515,4.616443846178282,1.0253764005301145,medium,sensor_period,7,0.8855935478651031,0.3389389264578172,0.8553338355711078,2.7094684012501404,True,accepted PM congestion episodes,episode vehicle demand divided by four-hour PM capacity,-0.4499177661927083,1.7094684012501404,0.5361824457205578,-0.488521930889777,1.6135325678624528,1.0247043766103348,0.7328465727298602,-0.06511348218589891,0.797960054915759,day-to-day log-delay variation not reproduced by calibrated D/C and QVDF
110N04149,2025-10-06,0.7580528580262885,3.25,1.012366,71.0155,38973,868.0,48,1.4883333333333333,48.685833333333335,True,1.1452974152429738,1.387334158311515,4.616443846178282,1.0253764005301145,medium,sensor_period,7,0.8855935478651031,0.3389389264578172,0.8553338355711078,1.7400613321225282,True,accepted PM congestion episodes,episode vehicle demand divided by four-hour PM capacity,-0.2770021622271197,0.7400613321225282,-0.3010222149717226,-0.24863020700324984,1.7798683099083925,-0.052392007968472765,-0.10435808796242022,0.17477824170062828,-0.27913632966304847,day-to-day log-delay variation not reproduced by calibrated D/C and QVDF
110N04149,2025-10-14,0.5633436476675066,2.5,1.012366,71.0155,38973,868.0,48,1.2210416666666666,55.75416666666666,True,1.1452974152429738,1.387334158311515,4.616443846178282,1.0253764005301145,medium,sensor_period,7,0.8855935478651031,0.3389389264578172,0.8553338355711078,1.4275615156173205,True,accepted PM congestion episodes,episode vehicle demand divided by four-hour PM capacity,-0.5738654504317974,0.4275615156173205,-0.8496571047765179,-0.6604787870782751,1.5166039319826439,-0.18917831769824278,-0.6529929777672155,-0.237070338374397,-0.4159226393928185,day-to-day log-delay variation not reproduced by calibrated D/C and QVDF
110N04149,2025-10-16,0.8381786582487616,4.0,1.012366,71.0155,38973,868.0,48,1.93875,40.78145833333333,True,1.1452974152429738,1.387334158311515,4.616443846178282,1.0253764005301145,medium,sensor_period,7,0.8855935478651031,0.3389389264578172,0.8553338355711078,2.2666588405280303,True,accepted PM congestion episodes,episode vehicle demand divided by four-hour PM capacity,-0.176524005222183,1.2666588405280303,0.23638259951464083,-0.10923342762611374,1.8965211202744423,0.34561602714075457,0.4330467265239432,0.3141750210777644,0.1188717054461789,day-to-day log-delay variation not reproduced by calibrated D/C and QVDF
110N04149,2025-10-22,0.4972548056079069,2.25,1.012366,71.0155,38973,868.0,48,1.3966666666666667,53.45583333333334,True,1.1452974152429738,1.387334158311515,4.616443846178282,1.0253764005301145,medium,sensor_period,7,0.8855935478651031,0.3389389264578172,0.8553338355711078,1.6328907013647018,True,accepted PM congestion episodes,episode vehicle demand divided by four-hour PM capacity,-0.6986526969249072,0.6328907013647018,-0.45745753941703654,-0.8336003966598051,1.434482158760841,0.3761428572427686,-0.2607934124077341,-0.410191947955927,0.1493985355481929,day-to-day log-delay variation not reproduced by calibrated D/C and QVDF
110N04149,2025-10-27,0.7015538921534805,3.0,1.012366,71.0155,38973,868.0,48,1.2520833333333334,54.2725,True,1.1452974152429738,1.387334158311515,4.616443846178282,1.0253764005301145,medium,sensor_period,7,0.8855935478651031,0.3389389264578172,0.8553338355711078,1.4638533883057665,True,accepted PM congestion episodes,episode vehicle demand divided by four-hour PM capacity,-0.3544575582229762,0.4638533883057665,-0.768186750164971,-0.3560867236138465,1.700411875352271,-0.41210002655112443,-0.5715226231556686,0.06732172509003159,-0.6388443482457001,day-to-day log-delay variation not reproduced by calibrated D/C and QVDF
110N04149,2025-10-31,0.7479157024843782,3.5,1.012366,71.0155,38973,868.0,48,1.92875,39.90979166666667,True,1.1452974152429738,1.387334158311515,4.616443846178282,1.0253764005301145,medium,sensor_period,7,0.8855935478651031,0.3389389264578172,0.8553338355711078,2.254967498990813,True,accepted PM congestion episodes,episode vehicle demand divided by four-hour PM capacity,-0.290465004571866,1.2549674989908128,0.22710967502993262,-0.26730766805607914,1.7654375345553337,0.49441734308601176,0.423773802039235,0.15610078064779898,0.2676730213914361,day-to-day log-delay variation not reproduced by calibrated D/C and QVDF
110N04152,2025-10-07,2.3502109353158835,13.0,0.550806,67.51,39077,862.0,48,2.4145833333333333,13.852083333333333,True,1.3720282505263373,0.128772030419787,5.710518265242897,1.0357456005986634,high,sensor_period,10,0.9115418484979488,0.0957852568744352,0.4895328099540808,4.932423903435249,True,accepted PM congestion episodes,episode vehicle demand divided by four-hour PM capacity,0.8545050838367926,3.9324239034352493,1.3692560050790892,0.4263264745040372,2.5316207286355255,0.942929530575052,0.00231665754146948,0.021946003529658586,-0.019629345988188884,day-to-day log-delay variation not reproduced by calibrated D/C and QVDF
110N04152,2025-10-08,2.3774660479730323,13.5,0.550806,67.51,39077,862.0,48,2.490208333333334,13.495833333333332,True,1.3720282505263373,0.128772030419787,5.710518265242897,1.0357456005986634,high,sensor_period,10,0.9115418484979488,0.0957852568744352,0.4895328099540808,5.086907930781841,True,accepted PM congestion episodes,episode vehicle demand divided by four-hour PM capacity,0.8660352347773045,4.086907930781841,1.4077886769933927,0.42781123545169353,2.533896508356369,0.9799774415416992,0.04084932945577302,0.023430764477314903,0.017418564978458284,day-to-day log-delay variation not reproduced by calibrated D/C and QVDF
110N04152,2025-10-10,1.9883946828236885,12.5,0.550806,67.51,39077,862.0,48,2.459166666666667,13.71375,True,1.3720282505263373,0.128772030419787,5.710518265242897,1.0357456005986634,high,sensor_period,10,0.9115418484979488,0.0957852568744352,0.4895328099540808,5.023497131678144,True,accepted PM congestion episodes,episode vehicle demand divided by four-hour PM capacity,0.6873276211368814,4.023497131678144,1.3921514577115741,0.40479869319174144,2.4990007106330183,0.9873527645198327,0.025212110173954416,0.00041822221736281806,0.024793887956591765,day-to-day log-delay variation not reproduced by calibrated D/C and QVDF
110N04152,2025-10-17,2.362578085965847,15.0,0.550806,67.51,39077,862.0,48,2.4922916666666666,13.474375,True,1.3720282505263373,0.128772030419787,5.710518265242897,1.0357456005986634,high,sensor_period,10,0.9115418484979488,0.0957852568744352,0.4895328099540808,5.091163689110948,True,accepted PM congestion episodes,episode vehicle demand divided by four-hour PM capacity,0.8597534321002228,4.091163689110948,1.4088294501514342,0.4270023149662693,2.5326562097673397,0.981827135185165,0.04189010261381454,0.022621843991890656,0.01926825862192405,day-to-day log-delay variation not reproduced by calibrated D/C and QVDF
110N04152,2025-10-20,1.866030927955784,10.75,0.550806,67.51,39077,862.0,48,2.3477083333333333,14.295833333333334,True,1.3720282505263373,0.128772030419787,5.710518265242897,1.0357456005986634,high,sensor_period,10,0.9115418484979488,0.0957852568744352,0.4895328099540808,4.7958140610709075,True,accepted PM congestion episodes,episode vehicle demand divided by four-hour PM capacity,0.6238136767549911,3.7958140610709075,1.3338988966899492,0.39661987361371603,2.4867906542614264,0.9372790230762331,-0.03304045084767049,-0.007760597360662591,-0.025279853487007786,day-to-day log-delay variation not reproduced by calibrated D/C and QVDF
110N04152,2025-10-21,1.310815759486405,7.5,0.550806,67.51,39077,862.0,48,2.4075,13.848541666666668,True,1.3720282505263373,0.128772030419787,5.710518265242897,1.0357456005986634,high,sensor_period,10,0.9115418484979488,0.0957852568744352,0.4895328099540808,4.917954325116285,True,accepted PM congestion episodes,episode vehicle demand divided by four-hour PM capacity,0.27064966057037504,3.917954325116285,1.3655696617505395,0.3511422261784165,2.420689370763742,1.014427435572123,-0.0013696857870801882,-0.05323824479596212,0.0518685590088821,day-to-day log-delay variation not reproduced by calibrated D/C and QVDF
110N04152,2025-10-22,1.960700804517879,11.25,0.550806,67.51,39077,862.0,48,2.3360416666666666,14.291458333333331,True,1.3720282505263373,0.128772030419787,5.710518265242897,1.0357456005986634,high,sensor_period,10,0.9115418484979488,0.0957852568744352,0.4895328099540808,4.771981814427908,True,accepted PM congestion episodes,episode vehicle demand divided by four-hour PM capacity,0.6733019626609171,3.7719818144279076,1.32760054355808,0.40299258067181704,2.4962957901128737,0.9246079628862629,-0.039338803979539705,-0.0013878903025615896,-0.037950913676978004,day-to-day log-delay variation not reproduced by calibrated D/C and QVDF
110N04152,2025-10-28,1.8761718603816857,10.75,0.550806,67.51,39077,862.0,48,2.360625,14.157083333333333,True,1.3720282505263373,0.128772030419787,5.710518265242897,1.0357456005986634,high,sensor_period,10,0.9115418484979488,0.0957852568744352,0.4895328099540808,4.822199762711373,True,accepted PM congestion episodes,episode vehicle demand divided by four-hour PM capacity,0.6292334563996517,3.8221997627113726,1.340826110991054,0.3973177896429868,2.4878286714734976,0.9435083213480672,-0.02611323654656572,-0.007062681331391818,-0.019050555215173737,day-to-day log-delay variation not reproduced by calibrated D/C and QVDF
110N04152,2025-10-30,2.0389192010551835,11.75,0.550806,67.51,39077,862.0,48,2.3541666666666665,14.182291666666666,True,1.3720282505263373,0.128772030419787,5.710518265242897,1.0357456005986634,high,sensor_period,10,0.9115418484979488,0.0957852568744352,0.4895328099540808,4.80900691189114,True,accepted PM congestion episodes,episode vehicle demand divided by four-hour PM capacity,0.7124198640563895,3.8090069118911396,1.337368502115755,0.40802987226027304,2.50385208396,0.929338629855482,-0.02957084542186461,0.003649401285894416,-0.033220246707758916,day-to-day log-delay variation not reproduced by calibrated D/C and QVDF
110N04152,2025-10-31,1.9420779290762724,11.75,0.550806,67.51,39077,862.0,48,2.447291666666666,13.693541666666668,True,1.3720282505263373,0.128772030419787,5.710518265242897,1.0357456005986634,high,sensor_period,10,0.9115418484979488,0.0957852568744352,0.4895328099540808,4.999239309202232,True,accepted PM congestion episodes,episode vehicle demand divided by four-hour PM capacity,0.663758497321623,3.999239309202232,1.3861041703353278,0.40176364926283525,2.494458074663683,0.9843405210724926,0.019164822797708148,-0.002616821711543371,0.021781644509251685,day-to-day log-delay variation not reproduced by calibrated D/C and QVDF
110N04154,2025-10-01,1.2628913972007036,6.5,0.208221,69.25,31926,858.0,48,0.5272916666666666,26.00125,True,1.1179706428543428,0.9136277352962864,5.110037545702653,1.0092834114144824,high,sensor_period,19,0.9638205371552288,0.2581032227980705,0.1804080866425992,2.9227717918835165,True,accepted PM congestion episodes,episode vehicle demand divided by four-hour PM capacity,0.2334038517065719,1.9227717918835165,0.6537677865969588,0.3247593482046488,2.383697616594642,0.32900843839231,-0.23112938817387874,0.08244441332146554,-0.3135738014953442,day-to-day log-delay variation not reproduced by calibrated D/C and QVDF
110N04154,2025-10-03,1.2077672562429786,5.75,0.208221,69.25,31926,858.0,48,0.5197916666666667,27.347708333333333,True,1.1179706428543428,0.9136277352962864,5.110037545702653,1.0092834114144824,high,sensor_period,19,0.9638205371552288,0.2581032227980705,0.1804080866425992,2.8811993760368924,True,accepted PM congestion episodes,episode vehicle demand divided by four-hour PM capacity,0.18877341227659913,1.8811993760368924,0.6319095394051437,0.2839837409029647,2.328411331808459,0.34792579850217903,-0.2529876353656938,0.04166880601978143,-0.29465644138547514,day-to-day log-delay variation not reproduced by calibrated D/C and QVDF
110N04154,2025-10-07,0.9768373809973766,5.0,0.208221,69.25,31926,858.0,48,0.6566666666666666,20.185,True,1.1179706428543428,0.9136277352962864,5.110037545702653,1.0092834114144824,high,sensor_period,19,0.9638205371552288,0.2581032227980705,0.1804080866425992,3.63989596523779,True,accepted PM congestion episodes,episode vehicle demand divided by four-hour PM capacity,-0.023435088083542156,2.63989596523779,0.9707395092748465,0.09010416930830763,2.0942882690202946,0.8806353399665389,0.08584233450400902,-0.15221076557487562,0.2380531000788847,day-to-day log-delay variation not reproduced by calibrated D/C and QVDF
110N04154,2025-10-08,1.108726747227416,5.5,0.208221,69.25,31926,858.0,48,0.6216666666666667,21.833333333333332,True,1.1179706428543428,0.9136277352962864,5.110037545702653,1.0092834114144824,high,sensor_period,19,0.9638205371552288,0.2581032227980705,0.1804080866425992,3.445891357953542,True,accepted PM congestion episodes,episode vehicle demand divided by four-hour PM capacity,0.10321228236078035,2.445891357953542,0.8944096200698607,0.20581271954858382,2.2285231040878686,0.6885969005212769,0.009512445299023176,-0.036502215334599436,0.046014660633622695,day-to-day log-delay variation not reproduced by calibrated D/C and QVDF
110N04154,2025-10-09,1.244864244300267,6.0,0.208221,69.25,31926,858.0,48,0.563125,24.075625,True,1.1179706428543428,0.9136277352962864,5.110037545702653,1.0092834114144824,high,sensor_period,19,0.9638205371552288,0.2581032227980705,0.1804080866425992,3.1213955564840563,True,accepted PM congestion episodes,episode vehicle demand divided by four-hour PM capacity,0.21902648324862212,2.1213955564840563,0.7520741534721886,0.3116237856208919,2.3656408226586483,0.44045036785129676,-0.13282302129864887,0.06930885073770862,-0.2021318720363574,day-to-day log-delay variation not reproduced by calibrated D/C and QVDF
110N04154,2025-10-10,1.174076500504747,5.75,0.208221,69.25,31926,858.0,48,0.5425,27.80541666666667,True,1.1179706428543428,0.9136277352962864,5.110037545702653,1.0092834114144824,high,sensor_period,19,0.9638205371552288,0.2581032227980705,0.1804080866425992,3.0070714129058387,True,accepted PM congestion episodes,episode vehicle demand divided by four-hour PM capacity,0.16048188155273785,2.0070714129058387,0.6966766510973923,0.258135813759658,2.294514619583291,0.4385408373377343,-0.18822052367344522,0.015820878876474737,-0.20404140254991987,day-to-day log-delay variation not reproduced by calibrated D/C and QVDF
110N04154,2025-10-14,1.4699987865074922,7.75,0.208221,69.25,31926,858.0,48,0.760625,17.252083333333335,True,1.1179706428543428,0.9136277352962864,5.110037545702653,1.0092834114144824,high,sensor_period,19,0.9638205371552288,0.2581032227980705,0.1804080866425992,4.216135840445168,True,accepted PM congestion episodes,episode vehicle demand divided by four-hour PM capacity,0.38526157528519683,3.216135840445168,1.168180589369074,0.46350077628503733,2.589629191729438,0.7046798130840366,0.28328341459823647,0.22118584140185407,0.06209757319638243,day-to-day log-delay variation not reproduced by calibrated D/C and QVDF
110N04154,2025-10-16,2.1750573404309423,11.75,0.208221,69.25,31926,858.0,48,0.9527083333333332,15.2175,True,1.1179706428543428,0.9136277352962864,5.110037545702653,1.0092834114144824,high,sensor_period,19,0.9638205371552288,0.2581032227980705,0.1804080866425992,5.280851601850384,True,accepted PM congestion episodes,episode vehicle demand divided by four-hour PM capacity,0.7770550276096638,4.280851601850384,1.4541519621962733,0.8214541408361538,3.2738038657436106,0.6326978213601195,0.5692547874254358,0.5791392059529705,-0.009884418527534633,day-to-day log-delay variation not reproduced by calibrated D/C and QVDF
110N04154,2025-10-17,1.362101817776436,6.5,0.208221,69.25,31926,858.0,48,0.56625,24.709791666666664,True,1.1179706428543428,0.9136277352962864,5.110037545702653,1.0092834114144824,high,sensor_period,19,0.9638205371552288,0.2581032227980705,0.1804080866425992,3.13871739642015,True,accepted PM congestion episodes,episode vehicle demand divided by four-hour PM capacity,0.30902896100990274,2.13871739642015,0.7602063018860495,0.3938525455489851,2.4826819045088624,0.36635375633706446,-0.12469087288478797,0.15153761066580182,-0.2762284835505897,day-to-day log-delay variation not reproduced by calibrated D/C and QVDF
110N04154,2025-10-20,0.8928011313879533,4.25,0.208221,69.25,31926,858.0,48,0.5110416666666667,28.878958333333333,True,1.1179706428543428,0.9136277352962864,5.110037545702653,1.0092834114144824,high,sensor_period,19,0.9638205371552288,0.2581032227980705,0.1804080866425992,2.832698224215831,True,accepted PM congestion episodes,episode vehicle demand divided by four-hour PM capacity,-0.11339142012028278,1.832698224215831,0.6057893203969515,0.007917569394019525,2.007948996233214,0.597871751002932,-0.27910785437388597,-0.23439736548916373,-0.04471048888472218,day-to-day log-delay variation not reproduced by calibrated D/C and QVDF
110N04154,2025-10-21,1.1008262462635767,5.5,0.208221,69.25,31926,858.0,48,0.6322916666666667,22.29895833333333,True,1.1179706428543428,0.9136277352962864,5.110037545702653,1.0092834114144824,high,sensor_period,19,0.9638205371552288,0.2581032227980705,0.1804080866425992,3.50478561373626,True,accepted PM congestion episodes,episode vehicle demand divided by four-hour PM capacity,0.09606103081202955,2.50478561373626,0.9182031475355469,0.1992791377915646,2.2205226123405764,0.7189240097439823,0.03330597276470937,-0.04303579709161867,0.07634176985632812,day-to-day log-delay variation not reproduced by calibrated D/C and QVDF
110N04154,2025-10-22,1.032457401620149,5.75,0.208221,69.25,31926,858.0,48,0.6425,24.247083333333332,True,1.1179706428543428,0.9136277352962864,5.110037545702653,1.0092834114144824,high,sensor_period,19,0.9638205371552288,0.2581032227980705,0.1804080866425992,3.561370290860832,True,accepted PM congestion episodes,episode vehicle demand divided by four-hour PM capacity,0.03194178749118478,2.561370290860832,0.9405423851531683,0.14069801872742965,2.1510769917997474,0.7998443664257386,0.055645210382330834,-0.1016169161557536,0.15726212653808447,day-to-day log-delay variation not reproduced by calibrated D/C and QVDF
110N04154,2025-10-23,1.2184504577178852,6.75,0.208221,69.25,31926,858.0,48,0.9270833333333334,17.609583333333333,True,1.1179706428543428,0.9136277352962864,5.110037545702653,1.0092834114144824,high,sensor_period,19,0.9638205371552288,0.2581032227980705,0.1804080866425992,5.138812514374417,True,accepted PM congestion episodes,episode vehicle demand divided by four-hour PM capacity,0.19757993483872704,4.138812514374417,1.4204089144162668,0.29202962416723727,2.339142688038635,1.1283792902490295,0.5355117396454293,0.04971468928405401,0.4857970503613753,day-to-day log-delay variation not reproduced by calibrated D/C and QVDF
110N04154,2025-10-24,1.0330223587924534,5.5,0.208221,69.25,31926,858.0,48,0.3910416666666667,36.785833333333336,True,1.1179706428543428,0.9136277352962864,5.110037545702653,1.0092834114144824,high,sensor_period,19,0.9638205371552288,0.2581032227980705,0.1804080866425992,2.1675395706698386,True,accepted PM congestion episodes,episode vehicle demand divided by four-hour PM capacity,0.03248883442645038,1.1675395706698386,0.15489860349389978,0.14119781597999712,2.151652440709656,0.013700787513902662,-0.7299985712769377,-0.10111711890318614,-0.6288814523737515,day-to-day log-delay variation not reproduced by calibrated D/C and QVDF
110N04154,2025-10-27,1.0535569904864082,5.5,0.208221,69.25,31926,858.0,48,0.7275,18.639583333333334,True,1.1179706428543428,0.9136277352962864,5.110037545702653,1.0092834114144824,high,sensor_period,19,0.9638205371552288,0.2581032227980705,0.1804080866425992,4.0325243371225765,True,accepted PM congestion episodes,episode vehicle demand divided by four-hour PM capacity,0.05217204913156619,3.0325243371225765,1.1093953872358766,0.15918094685438264,2.172550096737807,0.9502144403814939,0.2244982124650391,-0.08313398802880062,0.30763220049383977,day-to-day log-delay variation not reproduced by calibrated D/C and QVDF
110N04154,2025-10-28,1.0190842134492784,5.25,0.208221,69.25,31926,858.0,48,0.7154166666666667,20.844166666666663,True,1.1179706428543428,0.9136277352962864,5.110037545702653,1.0092834114144824,high,sensor_period,19,0.9638205371552288,0.2581032227980705,0.1804080866425992,3.965546556036348,True,accepted PM congestion episodes,episode vehicle demand divided by four-hour PM capacity,0.01890439405377169,2.965546556036348,1.0870613513932232,0.12878669448703925,2.1374474744703846,0.958274656906184,0.20216417662238573,-0.11352824039614401,0.3156924170185298,day-to-day log-delay variation not reproduced by calibrated D/C and QVDF
110N04154,2025-10-29,1.3369142559703855,6.75,0.208221,69.25,31926,858.0,48,0.7283333333333334,19.199166666666667,True,1.1179706428543428,0.9136277352962864,5.110037545702653,1.0092834114144824,high,sensor_period,19,0.9638205371552288,0.2581032227980705,0.1804080866425992,4.037143494438869,True,accepted PM congestion episodes,episode vehicle demand divided by four-hour PM capacity,0.2903641644031378,3.037143494438869,1.110917433692525,0.3767998696953806,2.4576125677318306,0.7341175639971443,0.22602025892168742,0.13448493481219734,0.09153532410949017,day-to-day log-delay variation not reproduced by calibrated D/C and QVDF
110N04154,2025-10-30,0.7481402985693146,4.0,0.208221,69.25,31926,858.0,48,0.4479166666666667,34.065625000000004,True,1.1179706428543428,0.9136277352962864,5.110037545702653,1.0092834114144824,high,sensor_period,19,0.9638205371552288,0.2581032227980705,0.1804080866425992,2.4827970575067413,True,accepted PM congestion episodes,episode vehicle demand divided by four-hour PM capacity,-0.2901647536635237,1.4827970575067413,0.3939302078756525,-0.15358745099186671,1.857625760695887,0.5475176588675192,-0.490966966895185,-0.39590238587505,-0.09506458102013493,day-to-day log-delay variation not reproduced by calibrated D/C and QVDF
110N04154,2025-10-31,1.052719611701147,5.5,0.208221,69.25,31926,858.0,48,0.716875,18.960208333333338,True,1.1179706428543428,0.9136277352962864,5.110037545702653,1.0092834114144824,high,sensor_period,19,0.9638205371552288,0.2581032227980705,0.1804080866425992,3.973630081339859,True,accepted PM congestion episodes,episode vehicle demand divided by four-hour PM capacity,0.05137692200675339,2.973630081339859,1.0897834560850144,0.15845449666006728,2.1716986068121447,0.9313289594249471,0.20488628131417685,-0.08386043822311598,0.2887467195372929,day-to-day log-delay variation not reproduced by calibrated D/C and QVDF
110N04156,2025-10-06,0.9475986231581656,4.0,0.739942,66.6465,32265,854.0,48,1.2202083333333331,40.613125,True,0.5139767553769299,1.5101318490350717,4.24270781913548,1.0110302222365477,medium,sensor_period,9,0.9927833321600328,0.0657066816531863,0.6661493101663253,1.831733989229336,True,accepted PM congestion episodes,episode vehicle demand divided by four-hour PM capacity,-0.05382425967643732,0.8317339892293361,-0.18424261376766946,-0.7468589663397668,1.4738526046308524,0.5626163525720973,0.2011688578064532,0.29246330045638913,-0.09129444264993603,day-to-day log-delay variation not reproduced by calibrated D/C and QVDF
110N04156,2025-10-07,0.7808955335782078,3.25,0.739942,66.6465,32265,854.0,48,1.1366666666666667,42.751875000000005,True,0.5139767553769299,1.5101318490350717,4.24270781913548,1.0110302222365477,medium,sensor_period,9,0.9927833321600328,0.0657066816531863,0.6661493101663253,1.7063241668491136,True,accepted PM congestion episodes,episode vehicle demand divided by four-hour PM capacity,-0.24731389791213135,0.7063241668491136,-0.34768098702758177,-1.0390538314977626,1.3537892679082,0.6913728444701809,0.03773048454654088,0.00026843529839326585,0.037462049248147555,day-to-day log-delay variation not reproduced by calibrated D/C and QVDF
110N04156,2025-10-14,1.032051903394042,4.5,0.739942,66.6465,32265,854.0,48,1.4408333333333332,33.37854166666667,True,0.5139767553769299,1.5101318490350717,4.24270781913548,1.0110302222365477,medium,sensor_period,9,0.9927833321600328,0.0657066816531863,0.6661493101663253,2.1629285076848364,True,accepted PM congestion episodes,episode vehicle demand divided by four-hour PM capacity,0.03154895978114573,1.1629285076848364,0.15094139932100445,-0.61793414858221,1.539056899568703,0.7688755479032144,0.5363528708951271,0.42138811821394595,0.11496475268118111,day-to-day log-delay variation not reproduced by calibrated D/C and QVDF
110N04156,2025-10-22,0.984817983302637,4.25,0.739942,66.6465,32265,854.0,48,1.270625,39.52395833333333,True,0.5139767553769299,1.5101318490350717,4.24270781913548,1.0110302222365477,medium,sensor_period,9,0.9927833321600328,0.0657066816531863,0.6661493101663253,1.907417722436353,True,accepted PM congestion episodes,episode vehicle demand divided by four-hour PM capacity,-0.015298443410792895,0.9074177224363531,-0.09715238093533851,-0.6886799041869437,1.502238634763642,0.5915275232516052,0.28825909063878413,0.3506423626092122,-0.062383271970428145,day-to-day log-delay variation not reproduced by calibrated D/C and QVDF
110N04156,2025-10-23,0.5192797140530527,2.25,0.739942,66.6465,32265,854.0,48,1.055416666666667,46.6125,True,0.5139767553769299,1.5101318490350717,4.24270781913548,1.0110302222365477,medium,sensor_period,9,0.9927833321600328,0.0657066816531863,0.6661493101663253,1.584354514160119,True,accepted PM congestion episodes,episode vehicle demand divided by four-hour PM capacity,-0.655312592917504,0.584354514160119,-0.537247435536345,-1.655185655190122,1.1910565817665941,1.117938219653777,-0.15183596396222238,-0.6158633883939661,0.4640274244317437,day-to-day log-delay variation not reproduced by calibrated D/C and QVDF
110N04156,2025-10-27,0.9045918479955044,3.75,0.739942,66.6465,32265,854.0,48,1.0170833333333331,45.99270833333333,True,0.5139767553769299,1.5101318490350717,4.24270781913548,1.0110302222365477,medium,sensor_period,9,0.9927833321600328,0.0657066816531863,0.6661493101663253,1.5268098575068496,True,accepted PM congestion episodes,episode vehicle demand divided by four-hour PM capacity,-0.10027143370185615,0.5268098575068496,-0.6409155972401491,-0.8170003231332263,1.4417547906497186,0.17608472589307722,-0.2555041256660265,0.22232194366292957,-0.4778260693289561,day-to-day log-delay variation not reproduced by calibrated D/C and QVDF
110N04156,2025-10-28,0.5972174914329103,2.5,0.739942,66.6465,32265,854.0,48,0.995,47.40854166666667,True,0.5139767553769299,1.5101318490350717,4.24270781913548,1.0110302222365477,medium,sensor_period,9,0.9927833321600328,0.0657066816531863,0.6661493101663253,1.4936591313913794,True,accepted PM congestion episodes,episode vehicle demand divided by four-hour PM capacity,-0.5154739246755053,0.4936591313913794,-0.7059100173921644,-1.4440108285512308,1.235979385216061,0.7381008111590663,-0.32049854581804177,-0.40468856175507484,0.08419001593703301,day-to-day log-delay variation not reproduced by calibrated D/C and QVDF
110N04156,2025-10-29,0.7757521139779661,3.25,0.739942,66.6465,32265,854.0,48,1.0858333333333332,44.149375,True,0.5139767553769299,1.5101318490350717,4.24270781913548,1.0110302222365477,medium,sensor_period,9,0.9927833321600328,0.0657066816531863,0.6661493101663253,1.630014948243691,True,accepted PM congestion episodes,episode vehicle demand divided by four-hour PM capacity,-0.2539222505810265,0.630014948243691,-0.46201173250711025,-1.049033315332717,1.350276192125205,0.5870215828256067,-0.07660026093298761,-0.009711048536561018,-0.06688921239642664,day-to-day log-delay variation not reproduced by calibrated D/C and QVDF
110N04156,2025-10-31,0.6586539185805043,2.75,0.739942,66.6465,32265,854.0,48,1.0158333333333334,46.048750000000005,True,0.5139767553769299,1.5101318490350717,4.24270781913548,1.0110302222365477,medium,sensor_period,9,0.9927833321600328,0.0657066816531863,0.6661493101663253,1.5249334013116345,True,accepted PM congestion episodes,episode vehicle demand divided by four-hour PM capacity,-0.4175570439115576,0.5249334013116345,-0.64448387908175,-1.296143428351424,1.2735848607306726,0.651659549269674,-0.25907240750762733,-0.256821161555268,-0.002251245952359371,day-to-day log-delay variation not reproduced by calibrated D/C and QVDF
110N04157,2025-10-01,1.0470851820500628,4.5,0.442042,68.067,31912,852.0,48,0.7483333333333334,38.990833333333335,True,0.6481586453795056,0.4018514282308939,4.509071541144421,1.0255399609351643,high,sensor_period,14,0.9826690433552808,0.1280635362575505,0.3896531358808233,1.9205115124807144,True,accepted PM congestion episodes,episode vehicle demand divided by four-hour PM capacity,0.04601028679300444,0.9205115124807144,-0.08282577161837656,-0.4151304900165481,1.6602541185126016,0.33230471839817155,-0.1764274489169677,0.06079632756925929,-0.23722377648622706,day-to-day log-delay variation not reproduced by calibrated D/C and QVDF
110N04157,2025-10-02,1.1148140967030589,5.25,0.442042,68.067,31912,852.0,48,1.099375,25.573541666666667,True,0.6481586453795056,0.4018514282308939,4.509071541144421,1.0255399609351643,high,sensor_period,14,0.9826690433552808,0.1280635362575505,0.3896531358808233,2.8214196134077754,True,accepted PM congestion episodes,episode vehicle demand divided by four-hour PM capacity,0.10868766159689115,1.8214196134077754,0.5996162044079633,-0.38994349743384316,1.677095131029794,0.9895597018418064,0.5060145271093721,0.08598332015196425,0.4200312069574078,day-to-day log-delay variation not reproduced by calibrated D/C and QVDF
110N04157,2025-10-03,0.6025323615396485,2.75,0.442042,68.067,31912,852.0,48,0.6527083333333333,48.177083333333336,True,0.6481586453795056,0.4018514282308939,4.509071541144421,1.0255399609351643,high,sensor_period,14,0.9826690433552808,0.1280635362575505,0.3896531358808233,1.675100937806815,True,accepted PM congestion episodes,episode vehicle demand divided by four-hour PM capacity,-0.5066139029607685,0.6751009378068149,-0.39289306179764577,-0.6372033099440423,1.5287691615479773,0.2443102481463965,-0.4864947390962369,-0.16127649235823488,-0.3252182467380021,day-to-day log-delay variation not reproduced by calibrated D/C and QVDF
110N04157,2025-10-06,0.9612939396327994,4.25,0.442042,68.067,31912,852.0,48,0.7547916666666666,40.74604166666666,True,0.6481586453795056,0.4018514282308939,4.509071541144421,1.0255399609351643,high,sensor_period,14,0.9826690433552808,0.1280635362575505,0.3896531358808233,1.9370860828835264,True,accepted PM congestion episodes,episode vehicle demand divided by four-hour PM capacity,-0.03947504827560531,0.9370860828835264,-0.06498013022341667,-0.44948289400666547,1.6379579582256323,0.38450276378324877,-0.15858180752200782,0.026443923579141937,-0.18502573110114984,day-to-day log-delay variation not reproduced by calibrated D/C and QVDF
110N04157,2025-10-09,1.0676079758178785,4.75,0.442042,68.067,31912,852.0,48,0.8266666666666667,37.548541666666665,True,0.6481586453795056,0.4018514282308939,4.509071541144421,1.0255399609351643,high,sensor_period,14,0.9826690433552808,0.1280635362575505,0.3896531358808233,2.121545011559987,True,accepted PM congestion episodes,episode vehicle demand divided by four-hour PM capacity,0.06542060931264358,1.121545011559987,0.11470720931315806,-0.40733042418960885,1.6654242816929357,0.5220376335027669,0.021105532014566913,0.06859639339619855,-0.04749086138163172,day-to-day log-delay variation not reproduced by calibrated D/C and QVDF
110N04157,2025-10-14,0.96222472384925,4.5,0.442042,68.067,31912,852.0,48,1.05,29.434375,True,0.6481586453795056,0.4018514282308939,4.509071541144421,1.0255399609351643,high,sensor_period,14,0.9826690433552808,0.1280635362575505,0.3896531358808233,2.694704349360468,True,accepted PM congestion episodes,episode vehicle demand divided by four-hour PM capacity,-0.03850725492192382,1.6947043493604679,0.5275083004625107,-0.4490939848652562,1.638206114159349,0.9766022853277669,0.4339066231639196,0.026832832720551203,0.40707379044336833,day-to-day log-delay variation not reproduced by calibrated D/C and QVDF
110N04157,2025-10-16,0.8974607973319141,4.0,0.442042,68.067,31912,852.0,48,0.8147916666666667,37.603541666666665,True,0.6481586453795056,0.4018514282308939,4.509071541144421,1.0255399609351643,high,sensor_period,14,0.9826690433552808,0.1280635362575505,0.3896531358808233,2.091069188561268,True,accepted PM congestion episodes,episode vehicle demand divided by four-hour PM capacity,-0.1081858394267162,1.091069188561268,0.0871581224031572,-0.47709442356561405,1.6205839287795278,0.5642525459687713,-0.0064435548954339394,-0.0011676059798066407,-0.0052759489156273265,day-to-day log-delay variation not reproduced by calibrated D/C and QVDF
110N04157,2025-10-17,0.9635592661138468,4.25,0.442042,68.067,31912,852.0,48,0.723125,42.217708333333334,True,0.6481586453795056,0.4018514282308939,4.509071541144421,1.0255399609351643,high,sensor_period,14,0.9826690433552808,0.1280635362575505,0.3896531358808233,1.855817221553608,True,accepted PM congestion episodes,episode vehicle demand divided by four-hour PM capacity,-0.03712128174405805,0.855817221553608,-0.15569845186278505,-0.44853702956424113,1.6385616654416648,0.29283857770145605,-0.2493001291613762,0.027389788021566275,-0.27668991718294256,day-to-day log-delay variation not reproduced by calibrated D/C and QVDF
110N04157,2025-10-21,0.582692025283399,2.5,0.442042,68.067,31912,852.0,48,0.6616666666666667,44.18395833333333,True,0.6481586453795056,0.4018514282308939,4.509071541144421,1.0255399609351643,high,sensor_period,14,0.9826690433552808,0.1280635362575505,0.3896531358808233,1.6980914709461996,True,accepted PM congestion episodes,episode vehicle demand divided by four-hour PM capacity,-0.5400964907283748,0.6980914709461996,-0.3594051376048399,-0.6506583356593212,1.521702208514399,0.2912531980544813,-0.45300681490343103,-0.17473151807351378,-0.2782752968299173,day-to-day log-delay variation not reproduced by calibrated D/C and QVDF
110N04157,2025-10-22,1.052512398365015,4.75,0.442042,68.067,31912,852.0,48,0.934375,33.409166666666664,True,0.6481586453795056,0.4018514282308939,4.509071541144421,1.0255399609351643,high,sensor_period,14,0.9826690433552808,0.1280635362575505,0.3896531358808233,2.397966072793988,True,accepted PM congestion episodes,episode vehicle demand divided by four-hour PM capacity,0.05118006642427097,1.397966072793988,0.3350183751294311,-0.41305300668808465,1.6616272112311279,0.7480713818175158,0.24141669783083997,0.06287381089772276,0.17854288693311715,day-to-day log-delay variation not reproduced by calibrated D/C and QVDF
110N04157,2025-10-23,1.1543916843358175,5.25,0.442042,68.067,31912,852.0,48,0.9102083333333332,34.608125,True,0.6481586453795056,0.4018514282308939,4.509071541144421,1.0255399609351643,high,sensor_period,14,0.9826690433552808,0.1280635362575505,0.3896531358808233,2.3359450996737863,True,accepted PM congestion episodes,episode vehicle demand divided by four-hour PM capacity,0.14357352500027756,1.3359450996737863,0.2896389812115679,-0.3759245634001245,1.6866541299414388,0.6655635446116923,0.19603730391297675,0.10000225418568293,0.09603504972729371,day-to-day log-delay variation not reproduced by calibrated D/C and QVDF
110N04157,2025-10-28,0.6658153309791486,3.0,0.442042,68.067,31912,852.0,48,0.72125,43.61708333333333,True,0.6481586453795056,0.4018514282308939,4.509071541144421,1.0255399609351643,high,sensor_period,14,0.9826690433552808,0.1280635362575505,0.3896531358808233,1.8510052495011784,True,accepted PM congestion episodes,episode vehicle demand divided by four-hour PM capacity,-0.4067429277032692,0.8510052495011784,-0.16133698180125722,-0.5970700158980039,1.5504220034861436,0.4357330340967467,-0.25493865909984836,-0.1211431983121965,-0.13379546078765192,day-to-day log-delay variation not reproduced by calibrated D/C and QVDF
110N04157,2025-10-29,0.8140826363471537,3.75,0.442042,68.067,31912,852.0,48,0.8875000000000001,35.32041666666667,True,0.6481586453795056,0.4018514282308939,4.509071541144421,1.0255399609351643,high,sensor_period,14,0.9826690433552808,0.1280635362575505,0.3896531358808233,2.277666771483253,True,accepted PM congestion episodes,episode vehicle demand divided by four-hour PM capacity,-0.2056933992782897,1.2776667714832528,0.24503557976781043,-0.5162779757552782,1.5967374910623324,0.7613135555230887,0.15143390246921928,-0.040351158169470824,0.19178506063869005,day-to-day log-delay variation not reproduced by calibrated D/C and QVDF
110N04157,2025-10-30,0.9936603534650044,4.5,0.442042,68.067,31912,852.0,48,0.9310416666666668,33.086875,True,0.6481586453795056,0.4018514282308939,4.509071541144421,1.0255399609351643,high,sensor_period,14,0.9826690433552808,0.1280635362575505,0.3896531358808233,2.389411455811891,True,accepted PM congestion episodes,episode vehicle demand divided by four-hour PM capacity,-0.006359827432474858,1.3894114558118908,0.3288802443929985,-0.436175495214672,1.646504257575684,0.7650557396076705,0.23527856709440736,0.03975132237113538,0.19552724472327188,day-to-day log-delay variation not reproduced by calibrated D/C and QVDF
110N04158,2025-10-01,0.8151434525988877,4.5,0.529828,67.81,31907,850.001,48,1.4325,29.490416666666665,True,1.3374541104839113,1.7473796327985045,4.8622643416314535,1.1312604388758891,high,sensor_period,16,0.9328050441451158,0.7112191266653467,0.4688051909747824,3.0556402266395892,True,accepted PM congestion episodes,episode vehicle demand divided by four-hour PM capacity,-0.20439116577141986,2.0556402266395892,0.7205873452378985,-0.06638107091206707,1.9357742000108566,0.7869684161499655,0.8086739117116432,0.340620115376662,0.4680537963349812,day-to-day log-delay variation not reproduced by calibrated D/C and QVDF
110N04158,2025-10-02,1.2110489020334243,6.0,0.529828,67.81,31907,850.001,48,1.7189583333333334,21.546041666666667,True,1.3374541104839113,1.7473796327985045,4.8622643416314535,1.1312604388758891,high,sensor_period,16,0.9328050441451158,0.7112191266653467,0.4688051909747824,3.66667939354323,True,accepted PM congestion episodes,episode vehicle demand divided by four-hour PM capacity,0.1914868452861339,2.66667939354323,0.9808340255790486,0.6253681026826836,2.868933790369874,0.355465922896365,1.0689205920527933,1.0323692889714127,0.036551303081380715,day-to-day log-delay variation not reproduced by calibrated D/C and QVDF
110N04158,2025-10-03,0.5151019644456452,2.5,0.529828,67.81,31907,850.001,48,0.81,49.437916666666666,True,1.3374541104839113,1.7473796327985045,4.8622643416314535,1.1312604388758891,high,sensor_period,16,0.9328050441451158,0.7112191266653467,0.4688051909747824,1.7277965679428042,True,accepted PM congestion episodes,episode vehicle demand divided by four-hour PM capacity,-0.6633904087008339,0.7277965679428042,-0.3177337094749872,-0.868426999476858,1.4196110788379808,0.5506932900018708,-0.22964714300124248,-0.4614258131881289,0.23177867018688653,day-to-day log-delay variation not reproduced by calibrated D/C and QVDF
110N04158,2025-10-06,0.4692149276592335,2.0,0.529828,67.81,31907,850.001,48,0.6747916666666667,50.705625,True,1.3374541104839113,1.7473796327985045,4.8622643416314535,1.1312604388758891,high,sensor_period,16,0.9328050441451158,0.7112191266653467,0.4688051909747824,1.4393860811642858,True,accepted PM congestion episodes,episode vehicle demand divided by four-hour PM capacity,-0.756694347578401,0.4393860811642858,-0.8223767964466744,-1.0314644019313954,1.3564845414956779,0.20908760548472105,-0.7342902299729297,-0.6244632156426664,-0.10982701433026326,day-to-day log-delay variation not reproduced by calibrated D/C and QVDF
110N04158,2025-10-07,0.5265902511813824,2.25,0.529828,67.81,31907,850.001,48,0.68125,50.89791666666667,True,1.3374541104839113,1.7473796327985045,4.8622643416314535,1.1312604388758891,high,sensor_period,16,0.9328050441451158,0.7112191266653467,0.4688051909747824,1.453162236927204,True,accepted PM congestion episodes,episode vehicle demand divided by four-hour PM capacity,-0.6413325448497752,0.4531622369272039,-0.7915050787033854,-0.8298835374404757,1.4361000726947974,0.03837845873709034,-0.7034185122296407,-0.42288235115174666,-0.280536161077894,day-to-day log-delay variation not reproduced by calibrated D/C and QVDF
110N04158,2025-10-09,0.963330086254456,4.5,0.529828,67.81,31907,850.001,48,1.1272916666666666,37.5625,True,1.3374541104839113,1.7473796327985045,4.8622643416314535,1.1312604388758891,high,sensor_period,16,0.9328050441451158,0.7112191266653467,0.4688051909747824,2.404605768811346,True,accepted PM congestion episodes,episode vehicle demand divided by four-hour PM capacity,-0.037359157219564454,1.4046057688113458,0.3397566718191744,0.2254872588568707,2.252933070215115,0.1142694129623037,0.42784323829291915,0.6324884451455998,-0.20464520685268062,day-to-day log-delay variation not reproduced by calibrated D/C and QVDF
110N04158,2025-10-10,0.5633225484892467,2.5,0.529828,67.81,31907,850.001,48,0.7441666666666666,49.05041666666667,True,1.3374541104839113,1.7473796327985045,4.8622643416314535,1.1312604388758891,high,sensor_period,16,0.9328050441451158,0.7112191266653467,0.4688051909747824,1.5873686575853128,True,accepted PM congestion episodes,episode vehicle demand divided by four-hour PM capacity,-0.5739029046100346,0.5873686575853128,-0.5321026195143475,-0.7120583574386224,1.4906332587634914,0.179955737924275,-0.44401605304060277,-0.3050571711498934,-0.13895888189070932,day-to-day log-delay variation not reproduced by calibrated D/C and QVDF
110N04158,2025-10-14,0.7895038599538368,3.75,0.529828,67.81,31907,850.001,48,1.255625,32.71,True,1.3374541104839113,1.7473796327985045,4.8622643416314535,1.1312604388758891,high,sensor_period,16,0.9328050441451158,0.7112191266653467,0.4688051909747824,2.678351315584177,True,accepted PM congestion episodes,episode vehicle demand divided by four-hour PM capacity,-0.23635055618650244,1.6783513155841772,0.5178119517950736,-0.12222625880003812,1.8849481185499253,0.6400382105951117,0.6058985182688182,0.28477492748869093,0.32112359078012737,day-to-day log-delay variation not reproduced by calibrated D/C and QVDF
110N04158,2025-10-16,0.8003278421835721,3.5,0.529828,67.81,31907,850.001,48,0.815,45.491875,True,1.3374541104839113,1.7473796327985045,4.8622643416314535,1.1312604388758891,high,sensor_period,16,0.9328050441451158,0.7112191266653467,0.4688051909747824,1.7384619788560312,True,accepted PM congestion episodes,episode vehicle demand divided by four-hour PM capacity,-0.22273383253094967,0.7384619788560312,-0.3031856626203818,-0.09843267321887961,1.9062567059072109,-0.20475298940150222,-0.2150990961466371,0.30856851306984945,-0.5236676092164865,day-to-day log-delay variation not reproduced by calibrated D/C and QVDF
110N04158,2025-10-17,0.8382555515347324,3.75,0.529828,67.81,31907,850.001,48,0.8300000000000001,45.03375,True,1.3374541104839113,1.7473796327985045,4.8622643416314535,1.1312604388758891,high,sensor_period,16,0.9328050441451158,0.7112191266653467,0.4688051909747824,1.770458211595713,True,accepted PM congestion episodes,episode vehicle demand divided by four-hour PM capacity,-0.17643227089037802,0.770458211595713,-0.26076986112986295,-0.017526267441380194,1.9826264242440772,-0.24324359368848275,-0.17268329465611823,0.38947491884734886,-0.5621582135034671,day-to-day log-delay variation not reproduced by calibrated D/C and QVDF
110N04158,2025-10-21,0.3691564533828122,1.5,0.529828,67.81,31907,850.001,48,0.6229166666666667,53.02875,True,1.3374541104839113,1.7473796327985045,4.8622643416314535,1.1312604388758891,high,sensor_period,16,0.9328050441451158,0.7112191266653467,0.4688051909747824,1.3287324429395535,True,accepted PM congestion episodes,episode vehicle demand divided by four-hour PM capacity,-0.9965347318938534,0.3287324429395535,-1.1125111024233492,-1.450556604606783,1.2344397615200462,0.3380455021834339,-1.0244245359496045,-1.043555418318054,0.019130882368449564,day-to-day log-delay variation not reproduced by calibrated D/C and QVDF
110N04158,2025-10-22,0.8504764835490528,3.75,0.529828,67.81,31907,850.001,48,0.985,39.62708333333333,True,1.3374541104839113,1.7473796327985045,4.8622643416314535,1.1312604388758891,high,sensor_period,16,0.9328050441451158,0.7112191266653467,0.4688051909747824,2.1010859499057557,True,accepted PM congestion episodes,episode vehicle demand divided by four-hour PM capacity,-0.16195851767657904,1.1010859499057557,0.09629692000310176,0.007764874134564059,2.007795098949708,0.0885320458685377,0.1843834864768465,0.4147660604232931,-0.23038257394644662,day-to-day log-delay variation not reproduced by calibrated D/C and QVDF
110N04158,2025-10-23,0.6039184715316244,3.0,0.529828,67.81,31907,850.001,48,1.2608333333333337,36.547916666666666,True,1.3374541104839113,1.7473796327985045,4.8622643416314535,1.1312604388758891,high,sensor_period,16,0.9328050441451158,0.7112191266653467,0.4688051909747824,2.689461118618789,True,accepted PM congestion episodes,episode vehicle demand divided by four-hour PM capacity,-0.5043160710659714,1.6894611186187891,0.524409613364207,-0.5904637417927868,1.55407027960231,1.1148733551569938,0.6124961798379517,-0.18346255550405777,0.7959587353420094,day-to-day log-delay variation not reproduced by calibrated D/C and QVDF
110N04158,2025-10-24,0.5308457654784029,2.25,0.529828,67.81,31907,850.001,48,0.6177083333333333,54.509791666666665,True,1.3374541104839113,1.7473796327985045,4.8622643416314535,1.1312604388758891,high,sensor_period,16,0.9328050441451158,0.7112191266653467,0.4688051909747824,1.317622639904942,True,accepted PM congestion episodes,episode vehicle demand divided by four-hour PM capacity,-0.6332837604246673,0.317622639904942,-1.1468912678143042,-0.8158192554672564,1.4422768411770561,-0.33107201234704775,-1.0588047013405595,-0.40881806917852737,-0.649986632162032,day-to-day log-delay variation not reproduced by calibrated D/C and QVDF
110N04158,2025-10-29,0.7005040558593834,3.25,0.529828,67.81,31907,850.001,48,1.04,37.300625,True,1.3374541104839113,1.7473796327985045,4.8622643416314535,1.1312604388758891,high,sensor_period,16,0.9328050441451158,0.7112191266653467,0.4688051909747824,2.218405469951255,True,accepted PM congestion episodes,episode vehicle demand divided by four-hour PM capacity,-0.35595512327268164,1.218405469951255,0.19754301204314895,-0.33122084331611,1.7180465757421715,0.528763855359259,0.28562957851689363,0.07578034297261904,0.20984923554427465,day-to-day log-delay variation not reproduced by calibrated D/C and QVDF
110N04158,2025-10-30,0.6596662393388245,3.75,0.529828,67.81,31907,850.001,48,1.2420833333333332,34.72083333333333,True,1.3374541104839113,1.7473796327985045,4.8622643416314535,1.1312604388758891,high,sensor_period,16,0.9328050441451158,0.7112191266653467,0.4688051909747824,2.6494658276941867,True,accepted PM congestion episodes,episode vehicle demand divided by four-hour PM capacity,-0.41602126984148685,1.6494658276941867,0.5004514947057243,-0.43617920445113,1.646501859542969,0.9366306991568543,0.5885380611794689,-0.029178018162400954,0.6177160793418699,day-to-day log-delay variation not reproduced by calibrated D/C and QVDF
