group,tmc_code,days,mean_dc,mu_ln_dc,sigma_ln_dc,skew_ln_dc,qq_r2_ln_dc,qq_r2_dc,shapiro_p_ln_dc
I-395 NB AM,110+04121,18,1.2400929973629018,0.20323565825799225,0.16248902771458054,-0.8468528904349425,0.921464408292592,0.9495762742936471,0.08648890670186837
I-395 NB AM,110+04123,16,1.0074617139006063,-0.01853693908200485,0.24383823094318716,-0.9609684247080379,0.9000687020750898,0.9456267170758786,0.06077891721865974
I-395 NB AM,110+04124,19,0.95633433074832,-0.06377511116834512,0.20421019353419098,-0.4783471918955721,0.9476471297580086,0.9661464085258502,0.2506871134778016
I-395 NB AM,110+04129,9,0.943828969435595,-0.08076630162310895,0.2260565845002953,0.24273942962847575,0.9769215431061509,0.9529372003081881,0.9314468452131828
I-395 NB AM,110+04130,8,1.0941229812729203,0.07862930636755214,0.16404990325821442,-0.9118264258067167,0.9137701530675352,0.940868815740717,0.40381028544364395
I-395 NB AM,110P04120,20,0.9447397790337041,-0.07954720522330697,0.2266485230577407,-1.0624506368838496,0.9179808478975254,0.9679620491471566,0.10033251748411748
I-395 NB AM,110P04121,14,1.1139058845099632,0.06697140360447326,0.3052793646714923,-0.5646739433809314,0.9159151239716762,0.9251167311181555,0.11843857984544831
I-395 NB AM,110P04122,11,0.923058549851683,-0.09873742349238004,0.20206812776764163,0.15464591313599474,0.9836581629533313,0.9624153413834532,0.9574478801591415
I-395 NB AM,110P04123,17,1.0125695699821438,-0.005162179554631565,0.19728544766462172,-0.6170409717205573,0.954597152006233,0.9778563411766606,0.5238876144646726
I-395 NB AM,110P04124,18,1.019376647202816,0.005762283535841432,0.1719807667195404,-0.7242935646207597,0.915712789876874,0.9370104637528172,0.06160180190535922
I-395 NB AM,110P04128,13,0.7642743780078673,-0.27834601854953306,0.14360114354965,0.01682660385425377,0.9764034688657498,0.969385897393719,0.9527814185335176
I-395 NB AM,110P04670,10,0.9857761179083809,-0.09682802006283861,0.4008789929810408,1.38383672414362,0.7955142985416186,0.7013928814469004,0.013627791366419319
I-395 NB PM,110+04121,18,1.1492952977364108,0.12100846137280369,0.19403055761585794,0.375785376977482,0.981994012527599,0.946935016899913,0.9361092624339895
I-395 NB PM,110+04124,9,0.5903810595588438,-0.5382531424034279,0.1578712765846471,0.48316246921731376,0.9077754266097796,0.8893658778968431,0.18191892416696842
I-395 NB PM,110+04129,16,1.1783395495806714,0.14439556964538983,0.20281033222269512,0.38047989612942773,0.9784665709110825,0.935151342878123,0.993485755235014
I-395 NB PM,110+04130,10,1.444821555596967,0.3490670780072931,0.20568762421145828,-0.06057494986383292,0.9947341720818123,0.9883594009899229,0.9928213814297236
I-395 NB PM,110P04120,19,0.806545935648473,-0.23404249310155034,0.2046036507930716,-0.6183590490199945,0.938474602221144,0.9633413111887634,0.14458028711345344
I-395 NB PM,110P04121,17,1.045863324025861,0.031134548942121407,0.17301226593436142,-0.4918296001913015,0.9465071786257164,0.9615072941987196,0.2412565474977258
I-395 NB PM,110P04123,9,0.6697769947793395,-0.4215214539309195,0.22356144732830469,-1.2218661289192645,0.8738284272057203,0.9313601872504669,0.20468256729613554
I-395 NB PM,110P04124,9,0.6400632036582807,-0.470322591731461,0.2343786832880848,-0.16137930939834091,0.9781302321533373,0.968100487750435,0.9911436503747308
I-395 NB PM,110P04128,15,1.0691095954290937,0.03905704427057581,0.2456951282281821,-0.1626876371337234,0.9828136196513634,0.9745470361095502,0.9733846957061809
I-395 SB PM,110-04122,15,0.8946474508667007,-0.12337858048907507,0.16344062569888113,-0.7207603659910722,0.9452221587687909,0.9676986812386454,0.6545723231748564
I-395 SB PM,110-04123,17,0.7023031798566056,-0.3769078374629268,0.23066439168513858,-0.8813134819601505,0.903042940044515,0.9304780286574555,0.053489521822440246
I-395 SB PM,110-04124,15,0.8181309970621572,-0.2171128601441608,0.19910755772319713,-2.231197186816985,0.7505985161429285,0.8599030251357601,0.0022163972396383657
I-395 SB PM,110-04125,17,0.8914212638221293,-0.12887475145642813,0.17283214714246048,-0.24158855255461256,0.8879389717303089,0.8700052170449819,0.12274962362889025
I-395 SB PM,110-04126,22,0.9507179334828713,-0.06923520690107358,0.2091217469014361,-1.734105251553652,0.7601470754546863,0.8302288614250756,0.00013409602363936198
I-395 SB PM,110N04120,8,0.6888780899141842,-0.40461204856100935,0.2658324607521225,0.5943458200154648,0.9231539124431746,0.8974983100182188,0.3034067585585798
I-395 SB PM,110N04123,16,0.7224093011852204,-0.34098455440880027,0.18752848051339824,-0.7701349371343101,0.9414444640143467,0.9701282642113325,0.5538243865669322
I-395 SB PM,110N04124,16,0.8484227028658202,-0.16775901456218226,0.08532772035945936,-0.33053246409978876,0.9597997294302926,0.9644452390418893,0.42099840227576646
I-395 SB PM,110N04125,15,0.8441428935282753,-0.18663816095571142,0.18227980581817652,1.9270449959080573,0.8005719703335221,0.6971251359162366,0.00639008949828836
I-395 SB PM,110N04126,15,1.0781574156580873,0.06950118077855852,0.11163049368863301,-0.32300978100026,0.9637680404075825,0.969745023252011,0.6805152502878419
I-395 SB PM,110N04127,20,0.8269762238177604,-0.20860508825886886,0.20847302142806917,-1.6684375850000044,0.8169272671774253,0.8821346444297727,0.0019114045120083363
I-95 NB AM,110+04151,15,1.0982051981422984,0.059059876765643345,0.29368694576506293,-1.842253604014863,0.8048716655922743,0.9101792446387472,0.006230813514508078
I-95 NB AM,110+04152,18,1.4717115789639128,0.3572400354463952,0.26277479975724477,-1.4294348662088372,0.8449557568603239,0.9083686703821333,0.007333002401520638
I-95 NB AM,110+04154,16,0.8216488290115916,-0.22777527199436343,0.2596360895146208,-0.09902260196658322,0.9721946017981327,0.9501878497854049,0.8989752838117362
I-95 NB AM,110+04155,16,0.9982557216872939,-0.023541976329081518,0.2137456242824284,0.31489081408225544,0.9585871555146322,0.924827510661147,0.535689331980621
I-95 NB AM,110+04156,12,1.3998018735647166,0.3130584104471698,0.22943661969953796,-0.4753550589359727,0.9026938514964297,0.9231706060554078,0.08755309576340464
I-95 NB AM,110P04151,19,1.379399886094332,0.28417814872031405,0.2773403831267235,0.2796090200770586,0.919715053583936,0.8266747983834146,0.1823737864287126
I-95 NB AM,110P04154,15,0.8162877605506456,-0.24972979774965912,0.3196116508360821,-0.13262046346486384,0.9647383893283865,0.9505394998919919,0.5465648918694712
I-95 NB AM,110P04155,14,1.2486082598946904,0.1900409977748452,0.2657507491883808,-0.23686278771800914,0.9356368419544858,0.9376112374204147,0.25010589576379416
I-95 NB AM,110P04156,17,1.1963938698134113,0.15174608840027815,0.24593054314809615,-0.3844157024464528,0.9684806823373941,0.9802185788317693,0.5506314026060308
I-95 NB AM,110P04157,13,1.0060609186016862,-0.04839541509222683,0.34765961993926464,-0.12269778380979211,0.9498868877477725,0.9449414059737221,0.2978359374304971
I-95 NB PM,110+04147,9,1.2777983300064137,0.15217876451058823,0.47487301322297226,-0.5102753878194273,0.9715587447967121,0.9801772019730622,0.8858368218714374
I-95 NB PM,110+04148,13,1.3503661356737398,0.15556892286030793,0.6162995980467996,-1.0096064989530271,0.8807772856973319,0.9607533360596769,0.06147668392088155
I-95 NB PM,110+04151,11,1.3951642649054081,0.26284578798215485,0.4040504839412629,-0.32469874319606584,0.8467179853988217,0.8480234710016907,0.018785844003157085
I-95 NB PM,110+04152,12,1.4781861831442173,0.2756163974744759,0.5504624807437736,-1.1527383115777863,0.8731427820889787,0.9585154929500439,0.0648715250122813
I-95 NB PM,110P04146,9,1.0182481856340515,-0.16441846368822866,0.6606095348830888,-0.1502708575541714,0.9751401538074963,0.9344452312722736,0.8239562387673748
I-95 NB PM,110P04147,11,1.1252543546371572,-0.016918806133378764,0.5878233005993934,-0.8450960520770173,0.9150918755996783,0.9674776090736714,0.2346461272795518
I-95 NB PM,110P04150,9,1.1127711738289106,0.017277161671499855,0.46627127168224614,-0.4243178842443463,0.8612216001196945,0.8748100349677365,0.04806207677730505
I-95 NB PM,110P04151,13,1.5003995759438267,0.2889017496378991,0.5544305533569283,-1.2058233342383107,0.8789125403271221,0.9673192777223928,0.07578497314744563
I-95 NB PM,110P04156,10,0.9983303361550757,-0.0933420697484163,0.48497216959107053,-0.9844844369223305,0.8686236675023538,0.922264759769149,0.06977803385603083
I-95 SB PM,110-04146,17,0.7997201322074657,-0.26125649018184266,0.2783224739115453,0.4425102763102327,0.9660449768446384,0.8924144594177875,0.8620478885664347
I-95 SB PM,110-04147,14,0.7824883674886698,-0.32628647020884294,0.41281542212948563,0.2316785686528332,0.9663390284778419,0.8718913108979954,0.9364208873586077
I-95 SB PM,110-04148,11,0.8267429150046053,-0.21928678730777218,0.25494549842576386,-0.15351206837688253,0.9463675941953206,0.9455847140250572,0.3477693214940142
I-95 SB PM,110-04152,13,1.828252291481428,0.5865832712985923,0.2012712880421721,-1.9760332175577682,0.794941375923282,0.8895332342612414,0.011464268877201344
I-95 SB PM,110-04153,18,1.2170492133742765,0.17106140838936218,0.22278774016067548,1.0179094500284287,0.7975925133126539,0.6774381046047145,0.00533239648396268
I-95 SB PM,110-04154,17,1.0548859783710578,0.0391377347058638,0.17375512444517066,0.15765191858090957,0.9837003303012757,0.9689981511323575,0.9068609853367221
I-95 SB PM,110-04156,9,0.7427342406283786,-0.34181886030367137,0.33028769721397977,-0.9914748974315534,0.9263755119106272,0.9792746344336164,0.49955196529117124
I-95 SB PM,110N04146,8,0.6029337114989042,-0.5290783503407553,0.240913018160837,-1.5414371532044664,0.8494248767292916,0.9200027313036336,0.1435817026899524
I-95 SB PM,110N04147,11,0.628908838022944,-0.4766944147841675,0.16998222516792988,-0.2895652643793536,0.9596757653244151,0.9669707439763675,0.5969708640933181
I-95 SB PM,110N04152,10,2.007336623455166,0.6840798489615147,0.17382021827494007,-1.4450442820629923,0.8108137346590193,0.8602176797481315,0.030223045027213766
I-95 SB PM,110N04153,15,1.7162737609623553,0.4991036288291805,0.31683952079348754,-1.4674959204627043,0.8581037178599067,0.9452757832353231,0.02887742010167373
I-95 SB PM,110N04154,19,1.182647075639311,0.14316533317612354,0.2199465233525937,0.9853693169587385,0.8973372148947526,0.7843097220619488,0.12336562030495557
I-95 SB PM,110N04155,12,0.8031045334305819,-0.28824870369238104,0.3798693184750108,0.5183436048880516,0.955407111806334,0.8910765812007375,0.5555114806615203
I-95 SB PM,110N04156,9,0.8000954588303322,-0.24749165411174065,0.23928389015537951,-0.554751570296567,0.9461232732270949,0.9621446923283505,0.49618984950606315
I-95 SB PM,110N04157,14,0.9199809122724283,-0.10528027309602805,0.22507137580367076,-1.0698489313212947,0.8582754364687335,0.9025305171576969,0.020560442478291852
I-95 SB PM,110N04158,16,0.7004004284671573,-0.3993231135766853,0.3047308891698949,-0.04065799724646948,0.9767149858343575,0.9469623089555732,0.9645501303892574
