pair,facility,tmc_code,length_mi,weekdays,mean_T_min,T95_min,TTI,PTI95,gamma95,buffer_index
I-95 SB PM,GP,110-04146,1.9346925,23,2.6653260869565214,3.4002916666666665,1.5613348883870302,1.991874103449974,1.2757507170724414,0.27575071707244136
I-95 SB PM,GP,110-04147,1.95703,23,2.7966576086956523,3.5989999999999998,1.5481175093995951,1.9922620842126417,1.286893321803006,0.2868933218030061
I-95 SB PM,GP,110-04148,2.4475500000000006,23,3.015561594202899,3.911895833333333,1.2526080995715223,1.6249286417937205,1.2972362563754436,0.2972362563754436
I-95 SB PM,GP,110-04149,0.5516000000000001,23,0.5320018115942028,0.7121458333333331,1.0609173182625509,1.4201602912738696,1.3386154291454548,0.33861542914545484
I-95 SB PM,GP,110-04150,0.6205,23,0.5983695652173913,0.6216666666666667,1.028623480362961,1.0686722177455457,1.0389343021495612,0.03893430214956117
I-95 SB PM,GP,110-04151,1.4153733333333334,23,1.7762590579710145,1.8033124999999999,1.2758919029164495,1.295324466807344,1.0152305723129642,0.015230572312964208
I-95 SB PM,GP,110-04152,0.31508499999999995,23,1.7700815217391304,1.8920833333333333,5.992309873595186,6.405326252351659,1.0689244026875862,0.06892440268758615
I-95 SB PM,GP,110-04153,1.7145100000000002,23,6.527128623188405,7.6516874999999995,4.124243083128185,4.83480885209185,1.172289982583837,0.1722899825838371
I-95 SB PM,GP,110-04154,2.6196,23,6.400398550724638,9.578749999999998,2.646879331431653,3.961283847406728,1.4965864897453165,0.4965864897453165
I-95 SB PM,GP,110-04156,0.45640000000000003,23,0.6826721014492754,0.8762083333333333,1.5705646505734863,2.015816717791411,1.2834980827152467,0.2834980827152467
I-95 SB PM,ML,110-04659,3.0458866666666666,23,2.5507246376811596,2.579875,1.0049190597649917,1.016403543139053,1.0114282670454544,0.01142826704545441
I-95 SB PM,ML,110-04661,0.9320683333333335,23,0.7716757246376811,0.7774791666666666,0.9935010518526544,1.0009727469910108,1.007520570938927,0.007520570938926996
I-95 SB PM,ML,110-04662,0.51612,23,0.4515489130434782,0.459125,1.0061250290630084,1.0230057932263814,1.0167779984353373,0.016777998435337338
I-95 SB PM,ML,110-04663,0.45,23,0.38506340579710147,0.39060416666666664,0.9983125335480408,1.0126774691358023,1.0143892169085647,0.01438921690856465
I-95 SB PM,ML,110-04664,1.4834533333333333,23,1.2716576086956521,1.2845208333333333,1.0143863666915856,1.0246472101882393,1.0101153207826712,0.010115320782671189
I-95 SB PM,ML,110-04665,2.3932599999999997,23,2.046041666666667,2.0676041666666665,1.011653270248764,1.0223147215745703,1.0105386416861823,0.010538641686182348
I-95 SB PM,ML,110-04667,0.2846666666666667,23,0.2389583333333333,0.24183333333333332,0.9933279664324746,1.0052790788446526,1.0120313862249346,0.012031386224934604
I-95 SB PM,ML,110-04668,0.23450000000000001,23,0.20310688405797103,0.20652083333333332,0.9671756383712906,0.9834325396825396,1.0168086339918831,0.01680863399188315
I-95 SB PM,ML,110-17777,5.913471666666666,23,4.916847826086957,4.9561874999999995,1.011616389200444,1.019710326674996,1.0080009948049076,0.008000994804907569
I-95 SB PM,GP,110N04146,0.21596666666666667,23,0.28658514492753623,0.43935416666666655,1.5260360395122705,2.339515164377218,1.5330667846644959,0.5330667846644959
I-95 SB PM,GP,110N04147,0.44187000000000004,23,0.5610778985507245,0.7275416666666665,1.3967585226555255,1.8111567504771384,1.2966856626253167,0.2966856626253167
I-95 SB PM,GP,110N04148,0.5379166666666666,23,0.7271829710144927,1.0549374999999999,1.4645048215628824,2.1245836560805578,1.4507181026643912,0.45071810266439116
I-95 SB PM,GP,110N04149,1.034215,23,1.2972010869565218,2.03025,1.3797142718411295,2.1593914224798514,1.5651004461947755,0.5651004461947755
I-95 SB PM,GP,110N04150,0.62814,23,0.5958786231884057,0.6431041666666667,1.027693149808598,1.1091415616829936,1.0792536292467891,0.07925362924678914
I-95 SB PM,GP,110N04151,0.5699000000000001,23,0.5520561594202898,0.5707708333333333,1.0009791742427903,1.034912314051198,1.033899945854595,0.03389994585459499
I-95 SB PM,GP,110N04152,0.5528049999999999,23,2.43365036231884,2.497333333333333,4.622485108555065,4.743444795180942,1.0261676746999164,0.026167674699916432
I-95 SB PM,GP,110N04153,0.7832458333333332,23,4.866702898550725,5.213625,6.524181586426051,6.989256778682726,1.071284832602497,0.07128483260249707
I-95 SB PM,GP,110N04154,0.20824,23,0.628840579710145,0.9136041666666666,3.2714366180976615,4.752870952853544,1.4528390758239222,0.45283907582392224
I-95 SB PM,GP,110N04155,0.6379,23,1.0855163043478258,1.7465624999999996,1.8435115165022906,2.9661535899043727,1.6089693844343755,0.6089693844343755
I-95 SB PM,GP,110N04156,0.739875,23,1.0066394927536233,1.4238124999999997,1.4285811351800028,2.020615813482007,1.4144214589725819,0.41442145897258187
I-95 SB PM,GP,110N04157,0.44206666666666666,23,0.749891304347826,1.0384375,1.7811473448165074,2.4665043922485292,1.384784026670532,0.384784026670532
I-95 SB PM,GP,110N04158,0.52962,23,0.8920742753623186,1.415333333333333,1.740512224880221,2.761434823290493,1.5865644514393056,0.5865644514393056
I-95 SB PM,ML,110N04658,0.7625,23,0.637572463768116,0.6454583333333334,1.0033927298645762,1.0158032786885247,1.0123685855543558,0.012368585554355827
I-95 SB PM,ML,110N04659,0.43079999999999996,23,0.35822463768115936,0.36197916666666663,0.9978402163820596,1.008298514391829,1.0104809345605341,0.010480934560534116
I-95 SB PM,ML,110N04660,0.9706666666666667,23,0.8088949275362317,0.8187291666666667,1.000007465360726,1.0121651785714287,1.0121576224496656,0.012157622449665562
I-95 SB PM,ML,110N04662,1.0023333333333333,23,0.868659420289855,0.8773749999999999,0.9966328566677751,1.0066324409710674,1.0100333680917621,0.01003336809176214
I-95 SB PM,ML,110N04663,1.07689,23,0.9339945652173912,0.9450416666666667,1.0118585241639875,1.0238265849911423,1.0118278005683086,0.011827800568308566
I-95 SB PM,ML,110N04664,0.8930716666666668,23,0.77080615942029,0.7801458333333333,1.006944779710107,1.0191456888180555,1.012116760872886,0.012116760872886045
I-95 SB PM,ML,110N04665,0.38765083333333333,23,0.33235507246376816,0.3357916666666667,1.014538863149077,1.0250293255026899,1.0103401286383953,0.010340128638395285
I-95 SB PM,ML,110N04666,0.5172183333333333,23,0.43236413043478267,0.4384166666666667,1.0031294775998645,1.0171719873296579,1.0139987011082479,0.013998701108247857
I-95 SB PM,ML,110N04667,1.1497033333333335,23,0.9588134057971015,0.9667916666666666,0.9868596799115452,0.9950713130826984,1.0083209734254106,0.008320973425410605
I-95 SB PM,ML,110N04668,0.6902,23,0.586893115942029,0.5980416666666666,0.9920438065281084,1.0108885508226277,1.0189958791844798,0.018995879184479758
I-95 SB PM,ML,110N04669,0.4652666666666667,23,0.40985507246376807,0.41560416666666666,0.9983573910136203,1.0123614892295933,1.0140271393210751,0.014027139321075133
I-95 NB AM,GP,110+04147,1.8299433333333333,23,1.8427657004830917,1.6868888888888889,1.1244911220599467,1.0293720894413447,0.9154114863580656,-0.08458851364193443
I-95 NB AM,GP,110+04148,1.9782266666666666,23,1.9812198067632851,2.111916666666666,1.1016643462358275,1.174338801755107,1.0659678746685357,0.06596787466853571
I-95 NB AM,GP,110+04149,3.040486666666667,23,3.15638888888889,3.5282499999999994,1.1073276037437478,1.2377843020744483,1.1178121974830586,0.1178121974830586
I-95 NB AM,GP,110+04150,0.5235,23,0.6381884057971015,1.2198055555555551,1.3206700533846418,2.5242712865683252,1.9113564967260885,0.9113564967260885
I-95 NB AM,GP,110+04151,0.6478999999999999,23,1.2561835748792272,1.939638888888889,2.035796810654713,3.1434184802181413,1.5440727992923893,0.5440727992923893
I-95 NB AM,GP,110+04152,1.1286,23,1.8164855072463766,2.3123611111111106,1.6899785420952464,2.1513194813633403,1.2729862704032444,0.2729862704032444
I-95 NB AM,GP,110+04153,0.49192500000000006,23,0.5663285024154591,0.985444444444444,1.2088121716445228,2.103403296572986,1.740058005629957,0.740058005629957
I-95 NB AM,GP,110+04154,1.4955600000000002,23,2.7484903381642507,4.412305555555555,2.021543349635371,3.245296819325945,1.6053560364714932,0.6053560364714932
I-95 NB AM,GP,110+04155,2.396443333333333,23,4.581050724637682,6.514388888888887,2.0071842275439713,2.8542750158916057,1.4220294164946436,0.42202941649464365
I-95 NB AM,GP,110+04156,0.43662249999999997,23,0.8737560386473432,1.128,2.0011704358967832,2.583467411780199,1.2909782022751457,0.2909782022751457
I-95 NB AM,GP,110+04158,0.1573466666666667,23,0.22013285024154594,0.2931666666666666,1.352396546268289,1.8010832415332025,1.331771547703955,0.3317715477039549
I-95 NB AM,ML,110+04658,5.915000000000001,23,4.959287439613526,5.086277777777778,1.0200844832115732,1.0462053473591935,1.0256065694337226,0.025606569433722637
I-95 NB AM,ML,110+04660,3.0458333333333334,23,2.5464975845410627,2.5610833333333334,1.0032712781776008,1.0090177838577292,1.0057277685558454,0.005727768555845447
I-95 NB AM,ML,110+04662,0.9309999999999999,23,0.7890700483091786,0.8047500000000001,0.9888095843473417,1.0084586466165415,1.0198714318512285,0.019871431851228527
I-95 NB AM,ML,110+04663,0.516,23,0.4331521739130435,0.4349722222222222,1.007330637007078,1.01156330749354,1.004201868116548,0.004201868116548102
I-95 NB AM,ML,110+04664,0.44966666666666666,23,0.3819202898550725,0.3887777777777778,1.0050533943554538,1.0230994152046784,1.0179552857097682,0.01795528570976823
I-95 NB AM,ML,110+04665,1.4841666666666669,23,1.2430917874396135,1.270111111111111,1.005082635549154,1.0269286917462097,1.0217355821545158,0.021735582154515765
I-95 NB AM,ML,110+04666,2.392833333333334,23,2.0178019323671497,2.0794444444444444,0.9978681980780635,1.028352410361186,1.030549337419347,0.030549337419347067
I-95 NB AM,ML,110+04668,0.284395,23,0.24242753623188407,0.2461944444444444,1.0087117725032537,1.0243854237683243,1.015538285258805,0.015538285258805073
I-95 NB AM,GP,110P04146,0.49872833333333333,23,0.49863526570048305,0.48138888888888887,1.1164582856375505,1.0778431663048205,0.9654128418146148,-0.03458715818538516
I-95 NB AM,GP,110P04147,0.399,23,0.4166908212560386,0.36630555555555555,1.1835829509361164,1.0404669080107676,0.8790823720364037,-0.12091762796359629
I-95 NB AM,GP,110P04148,0.5144533333333334,23,0.4933695652173912,0.5906666666666666,1.0389352367279967,1.243823000898472,1.1972093706396416,0.1972093706396416
I-95 NB AM,GP,110P04150,0.568,23,0.8526086956521739,1.485611111111111,1.6261609512145336,2.8334718961919667,1.7424301660150716,0.7424301660150716
I-95 NB AM,GP,110P04151,0.8361999999999999,23,1.9089855072463768,2.4643055555555553,2.397075798383994,3.0943803316590928,1.2908979906873164,0.29089799068731637
I-95 NB AM,GP,110P04152,0.5815375,23,0.666231884057971,0.7337222222222222,1.2029206685052458,1.3247784250084185,1.1013015734899572,0.10130157348995716
I-95 NB AM,GP,110P04153,1.015,23,1.5316908212560387,3.5421944444444433,1.6348095793373156,3.78066730523627,2.312604081246451,1.3126040812464508
I-95 NB AM,GP,110P04154,0.23999499999999996,23,0.45754830917874395,0.7335833333333333,2.0653652573746926,3.311382644545836,1.603291540187409,0.603291540187409
I-95 NB AM,GP,110P04155,0.5560583333333333,23,1.1377777777777778,1.557,2.0802507064440015,2.8467337059960736,1.36845703125,0.36845703124999996
I-95 NB AM,GP,110P04156,0.7645433333333334,23,1.3253140096618359,1.701,1.762362599664549,2.2619384992348373,1.2834694175111174,0.2834694175111174
I-95 NB AM,GP,110P04157,0.4825333333333333,23,0.7265096618357488,1.039861111111111,1.480521899983047,2.1190869561880192,1.43131078048375,0.43131078048374993
I-95 NB AM,GP,110P04158,0.5432000000000001,23,0.626183574879227,0.8439999999999999,1.152767994991213,1.5537555228276871,1.3478475543897546,0.34784755438975457
I-95 NB AM,ML,110P04658,0.7625299999999999,23,0.6397584541062802,0.6427222222222222,1.034759847784453,1.0395535136201077,1.0046326361096427,0.004632636109642707
I-95 NB AM,ML,110P04659,0.432,23,0.35776570048309175,0.36238888888888887,0.9937936124530327,1.0066358024691358,1.0129223913850725,0.012922391385072451
I-95 NB AM,ML,110P04660,0.9703333333333333,23,0.8160628019323672,0.8339166666666666,0.9951985389419113,1.0169715447154473,1.0218780523901139,0.021878052390113867
I-95 NB AM,ML,110P04661,0.2555,23,0.2134420289855073,0.21738888888888888,0.9885442960189835,1.006823947234906,1.0184914841849146,0.01849148418491464
I-95 NB AM,ML,110P04662,1.0033333333333332,23,0.8437801932367148,0.8552222222222222,0.9951560418572551,1.0086507936507938,1.0135604379875476,0.01356043798754758
I-95 NB AM,ML,110P04663,1.0797,23,0.8967028985507245,0.9029166666666666,1.0104552436510585,1.0174572669362887,1.0069295729120369,0.006929572912036885
I-95 NB AM,ML,110P04664,0.8906,23,0.7492028985507247,0.7630277777777777,0.995460098006989,1.0138291081335098,1.0184527839571846,0.018452783957184637
I-95 NB AM,ML,110P04665,0.386045,23,0.322584541062802,0.32975,1.0027365961879118,1.0250100376899065,1.0222126544365404,0.022212654436540413
I-95 NB AM,ML,110P04666,0.5175,23,0.44548309178743967,0.4631111111111111,0.9899624261943105,1.029135802469136,1.0395705687794825,0.03957056877948251
I-95 NB AM,ML,110P04667,1.1498333333333333,23,0.9691787439613527,1.0090277777777776,0.9974154344289904,1.0384254561852764,1.0411162895025419,0.04111628950254187
I-95 NB AM,ML,110P04668,0.6897166666666666,23,0.6194089917406888,0.6132222222222221,1.0477401208672212,1.0372751022293105,0.9900118183607889,-0.009988181639211113
I-95 NB AM,ML,110P04669,0.46549999999999997,23,0.43383278790712176,0.43955555555555553,1.0562344997380695,1.0701674821975573,1.0131911828887836,0.013191182888783626
I-395 SB PM,GP,110-04121,1.0531666666666666,23,1.3629347826086955,2.428291666666666,1.3588367036611462,2.4209902674473804,1.781663875375495,0.781663875375495
I-395 SB PM,GP,110-04122,0.9030233333333334,23,1.5508876811594203,2.2665624999999996,1.7746871847512995,2.593636838472243,1.461461411767454,0.46146141176745403
I-395 SB PM,GP,110-04123,0.12202666666666667,23,0.22292572463768115,0.3330833333333333,1.7964130454577125,2.6841013803904428,1.4941448945593432,0.4941448945593432
I-395 SB PM,GP,110-04124,0.20122666666666666,23,0.3958333333333333,0.5679791666666666,1.901531716582737,2.728497852062903,1.4348947368421052,0.4348947368421052
I-395 SB PM,GP,110-04125,0.07441,23,0.15180253623188406,0.24689583333333326,2.0740838395701577,3.3733471830249804,1.6264275911450559,0.6264275911450559
I-395 SB PM,GP,110-04126,0.48176083333333336,23,1.3482246376811593,1.7536249999999998,2.8451774272002432,3.7006995172224104,1.3006919996775146,0.3006919996775146
I-395 SB PM,GP,110-04127,0.07465333333333334,23,0.08891304347826087,0.10799999999999998,1.1116115455399644,1.3502411144847293,1.2146699266503664,0.21466992665036644
I-395 SB PM,GP,110-04128,0.040075000000000006,23,0.05333333333333333,0.05560416666666667,1.1090316767172659,1.1562521660774934,1.0425781250000001,0.04257812500000013
I-395 SB PM,ML,110-04298,0.1,23,0.09853260869565217,0.10102083333333335,0.9853260869565217,1.0102083333333334,1.0252528038242326,0.02525280382423256
I-395 SB PM,ML,110-04300,0.05079999999999999,23,0.05058876811594204,0.051437500000000004,0.9460497974437981,0.9619217519685042,1.0167770814682182,0.016777081468218213
I-395 SB PM,ML,110-04650,0.19773833333333338,23,0.1759963768115942,0.1783125,0.9938856271652613,1.0069652234012962,1.0131600617601648,0.01316006176016482
I-395 SB PM,ML,110-04651,0.48566,23,0.41526268115942033,0.42193749999999997,0.9833053645211329,0.999110746201046,1.016073726687752,0.016073726687751977
I-395 SB PM,ML,110-04652,0.36733333333333335,23,0.312590579710145,0.3173958333333333,0.9786184210526316,0.9936620916515425,1.0153723558388872,0.015372355838887186
I-395 SB PM,ML,110-04653,0.9565299999999998,23,0.8226811594202899,0.8332499999999999,0.9890785791698468,1.0017850982196064,1.0128468246278517,0.012846824627851694
I-395 SB PM,ML,110-04655,0.114,23,0.10106884057971015,0.1024375,0.9900018010000847,1.003408260233918,1.0135418533787417,0.013541853378741697
I-395 SB PM,ML,110-04656,0.0735,23,0.06244565217391305,0.06477083333333335,0.948720792664892,0.9840466742252457,1.0372352770525095,0.03723527705250951
I-395 SB PM,ML,110-04657,0.5456,23,0.47615942028985514,0.4850833333333333,0.974544268066358,0.9928086306614532,1.018741439659108,0.018741439659107906
I-395 SB PM,ML,110-16046,0.06899999999999999,23,0.060063405797101455,0.060604166666666674,1.0010567632850245,1.0100694444444447,1.0090031669431458,0.009003166943145846
I-395 SB PM,GP,110N04120,1.3017933333333334,23,1.9262409420289857,3.3071250000000005,1.5290053516661262,2.6251190665184954,1.71688023436802,0.7168802343680201
I-395 SB PM,GP,110N04121,0.5089466666666667,23,0.7065217391304348,1.248770833333333,1.434477346221181,2.535425835931291,1.767491025641025,0.767491025641025
I-395 SB PM,GP,110N04122,0.7715333333333334,23,0.9879166666666667,1.699937499999999,1.3444817679080616,2.313489641838761,1.7207296499367346,0.7207296499367346
I-395 SB PM,GP,110N04123,0.7853333333333333,23,1.609067028985507,2.481270833333333,2.1171934591914563,3.2648300438596483,1.542055606532276,0.5420556065322759
I-395 SB PM,GP,110N04124,0.6151166666666668,23,1.184583333333333,1.790520833333333,1.8936899955744615,2.8623493962301634,1.5115195216320787,0.5115195216320787
I-395 SB PM,GP,110N04125,0.53973,23,1.0881159420289856,1.6997083333333332,2.016037541046422,3.149182615999357,1.5620654635055937,0.5620654635055937
I-395 SB PM,GP,110N04126,0.6270716666666666,23,1.3174094202898552,2.0789166666666663,2.1359061733422595,3.3705322535347277,1.5780338554200295,0.5780338554200295
I-395 SB PM,GP,110N04127,1.0633333333333335,23,3.364347826086957,5.3650625,3.0057652991685977,4.7932376567398105,1.594681280692685,0.5946812806926851
I-395 SB PM,GP,110N04128,0.20622333333333337,23,0.26575181159420286,0.276125,1.1168388804127036,1.1604328640470685,1.0390333685538022,0.03903336855380224
I-395 SB PM,GP,110N04129,0.22748833333333335,23,0.31708333333333344,0.33083333333333337,1.1383062379267315,1.1876677436449732,1.043363994743758,0.04336399474375807
I-395 SB PM,ML,110N04298,1.04006,23,0.9890307971014494,1.0019583333333335,0.9826341656617545,0.9954780920758848,1.0130709137367317,0.013070913736731749
I-395 SB PM,ML,110N04299,0.36816666666666664,23,0.36384963768115947,0.37056249999999996,0.9882742535477397,1.006507469443187,1.0184495506485098,0.018449550648509838
I-395 SB PM,ML,110N04300,0.14939999999999998,23,0.1459148550724638,0.14854166666666666,0.9278387705411019,0.9445420571173584,1.0180023589297906,0.01800235892979063
I-395 SB PM,ML,110N04301,0.23,23,0.2387047101449275,0.24433333333333335,0.9859542375551353,1.0092028985507246,1.023579858080674,0.023579858080674088
I-395 SB PM,ML,110N04651,0.6365,23,0.5549637681159421,0.5628958333333334,0.9881522972475533,1.0022759011957756,1.0142929424822094,0.014292942482209359
I-395 SB PM,ML,110N04652,0.5286666666666667,23,0.44974637681159424,0.4560208333333333,0.978325977301387,0.9919747005044134,1.0139510996535888,0.013951099653588761
I-395 SB PM,ML,110N04653,0.713,23,0.6180072463768116,0.6279791666666666,0.9967858812529219,1.012869623655914,1.0161356041507885,0.01613560415078852
I-395 SB PM,ML,110N04654,0.6006666666666667,23,0.5184239130434782,0.5252708333333335,0.9925430077691454,1.0056517064372923,1.013207184540658,0.013207184540658057
I-395 SB PM,ML,110N04655,0.6666000000000001,23,0.5855072463768117,0.5951875,0.9808227199531548,0.9970387663766376,1.0165331064356433,0.01653310643564332
I-395 SB PM,ML,110N04656,0.5695,23,0.49700181159420287,0.5051875,0.9745133560670645,0.9905637254901961,1.0164701379649712,0.01647013796497121
I-395 SB PM,ML,110N04657,0.5695,23,0.5009782608695652,0.5081875,0.9823103154305199,0.9964460784313726,1.014390323280538,0.01439032328053802
I-395 SB PM,GP,110N04670,0.31782,23,0.3622282608695652,0.37960416666666663,1.0637458628938632,1.1147732119508598,1.0479694923730931,0.047969492373093114
I-395 SB PM,ML,110N16046,0.6050000000000001,23,0.5089402173913044,0.5147499999999999,0.9814274164570606,0.99263085399449,1.0114154519728762,0.01141545197287619
I-395 NB AM,GP,110+04121,0.27336416666666663,23,0.643888888888889,0.9160833333333334,2.2769111749927946,3.239441485767358,1.4227351164797237,0.4227351164797237
I-395 NB AM,GP,110+04122,1.1513250000000002,23,1.6509647627166806,2.965691176470587,1.433969350719111,2.5758940146966207,1.79633826441608,0.7963382644160799
I-395 NB AM,GP,110+04123,0.9237,23,1.8917874396135261,2.6558055555555558,2.1163224217104872,2.9710213352900374,1.4038604443309504,0.40386044433095036
I-395 NB AM,GP,110+04124,0.3436683333333333,23,0.6015217391304347,0.8025833333333333,1.8086404928243294,2.4131874562522326,1.334254909047103,0.334254909047103
I-395 NB AM,GP,110+04125,0.05296,23,0.061594202898550734,0.08191666666666665,1.2018002831414105,1.598323682443773,1.3299411764705877,0.32994117647058774
I-395 NB AM,GP,110+04126,0.07254333333333335,23,0.09666666666666666,0.1434722222222222,1.2881189786947262,1.9118202657926033,1.4841954022988504,0.4841954022988504
I-395 NB AM,GP,110+04127,0.7786666666666666,23,0.9619082125603865,1.1935555555555555,1.235327327774469,1.5328196347031964,1.2408206312934735,0.24082063129347353
I-395 NB AM,GP,110+04129,0.135135,23,0.38936745169082126,0.6546562499999998,2.3530796527978493,3.956309893809893,1.6813327543356966,0.6813327543356966
I-395 NB AM,GP,110+04130,0.08349999999999999,23,0.33015096618357487,0.4711249999999999,2.9654278399722296,4.231661676646706,1.426998701369963,0.426998701369963
I-395 NB AM,ML,110+04298,0.544,23,0.4727536231884057,0.48811111111111116,0.9849033816425119,1.0168981481481483,1.0324851829143677,0.03248518291436775
I-395 NB AM,ML,110+04299,0.11999999999999998,23,0.12421497584541064,0.1373611111111111,1.0351247987117556,1.144675925925926,1.105833738454059,0.10583373845405908
I-395 NB AM,ML,110+04300,0.060666666666666674,23,0.06842995169082125,0.08227777777777776,1.0715679248287944,1.2884157509157506,1.2023649841157782,0.2023649841157782
I-395 NB AM,ML,110+04301,0.05525,23,0.08072463768115944,0.1268611111111111,1.2906201499551888,2.028247025305849,1.5715290245362052,0.5715290245362052
I-395 NB AM,ML,110+04651,0.19563333333333333,23,0.18051932367149762,0.19125,0.999638442549612,1.059060316919407,1.0594433665618517,0.059443366561851674
I-395 NB AM,ML,110+04652,0.48654500000000006,23,0.41565217391304343,0.4333888888888889,0.9966756132153941,1.0392057679564486,1.0426720130172014,0.04267201301720136
I-395 NB AM,ML,110+04653,0.07,23,0.06006038647342997,0.06049999999999999,1.015306533241316,1.022738095238095,1.0073195254373613,0.007319525437361252
I-395 NB AM,ML,110+04654,0.9583333333333334,23,0.8190579710144928,0.8352777777777777,1.0113585381222434,1.0313864734299516,1.0198030021528206,0.019803002152820603
I-395 NB AM,ML,110+04656,0.116,23,0.09929951690821258,0.09988888888888889,1.0129692098395249,1.0189814814814815,1.0059352955485281,0.005935295548528119
I-395 NB AM,ML,110+04657,0.071,23,0.06141304347826086,0.06452777777777777,1.009134517248418,1.0603155972874283,1.0507177974434612,0.050717797443461166
I-395 NB AM,GP,110+04670,0.0825,23,0.12978260869565217,0.24072222222222217,1.4944664031620551,2.7719528619528613,1.8548110924995345,0.8548110924995345
I-395 NB AM,ML,110+16046,0.3655,23,0.3104227053140096,0.31708333333333333,0.990861348471531,1.012121903024776,1.0214566393028053,0.02145663930280528
I-395 NB AM,GP,110P04120,1.6213333333333333,23,4.379299516908213,6.001722222222222,2.7010482217772696,3.701720120614035,1.370475392023298,0.37047539202329793
I-395 NB AM,GP,110P04121,0.6479266666666668,23,0.996300795680591,1.80785294117647,1.5120473239038075,2.743708740943206,1.8145653893024276,0.8145653893024276
I-395 NB AM,GP,110P04122,0.5860800000000002,23,1.0348195510088094,1.6898055555555556,1.8539457557999752,3.027395293020292,1.632947071697885,0.6329470716978851
I-395 NB AM,GP,110P04123,0.5973341666666667,23,1.0956884057971015,1.438222222222222,1.8342972274822742,2.4077347362331616,1.312619732592617,0.312619732592617
I-395 NB AM,GP,110P04124,0.7041266666666667,23,1.0645169082125603,1.293,1.5622200624219778,1.8975279069106885,1.2146354745751176,0.21463547457511756
I-395 NB AM,GP,110P04125,0.6006633333333333,23,0.7277536231884058,1.0855555555555554,1.251969340498037,1.8675032726165082,1.4916525606558464,0.4916525606558464
I-395 NB AM,GP,110P04126,0.4026666666666667,23,0.5298550724637681,0.6955,1.2720030713120258,1.6696605960264899,1.3126230853391687,0.3126230853391687
I-395 NB AM,GP,110P04127,0.9467566666666668,23,1.1175362318840578,1.371111111111111,1.1410376733422412,1.3999451538840395,1.2269052868196948,0.2269052868196948
I-395 NB AM,GP,110P04128,0.19844,23,0.5885628019323671,1.0459166666666664,2.5704886196065213,4.567935452081792,1.7770689266000448,0.7770689266000448
I-395 NB AM,ML,110P04298,1.0343333333333333,23,1.0246739130434783,1.089,1.023683251832028,1.0879471479213665,1.0627771295215869,0.06277712952158687
I-395 NB AM,ML,110P04299,0.295,23,0.32124396135265704,0.3367777777777778,1.1071119572040722,1.160646578782172,1.048355201323358,0.04835520132335791
I-395 NB AM,ML,110P04301,0.22761166666666666,23,0.35445652173913045,0.7036944444444442,1.375602865419458,2.7309529795305996,1.9852771815053316,0.9852771815053316
I-395 NB AM,ML,110P04651,0.6346666666666667,23,0.5525000000000001,0.5751666666666666,1.0011160714285716,1.0421874999999998,1.0410256410256407,0.04102564102564066
I-395 NB AM,ML,110P04652,0.527,23,0.4483091787439613,0.46361111111111114,0.9924618125261635,1.0263370581207394,1.0341325431034485,0.03413254310344849
I-395 NB AM,ML,110P04653,0.7116666666666666,23,0.6072101449275362,0.6202222222222222,1.0096468451956693,1.03128285193859,1.0214292817789448,0.021429281778944764
I-395 NB AM,ML,110P04654,0.6033333333333334,23,0.5209420289855072,0.5350833333333332,1.0217371286732322,1.049472836095764,1.0271456391709555,0.02714563917095547
I-395 NB AM,ML,110P04655,0.6669999999999999,23,0.5639130434782609,0.5732777777777778,1.0145362101557918,1.031384307846077,1.0166066992204232,0.016606699220423238
I-395 NB AM,ML,110P04656,0.57,23,0.48631642512077294,0.4967777777777777,0.9953844958612312,1.016796621182586,1.0215114113293762,0.021511411329376173
I-395 NB AM,ML,110P04657,0.5693333333333332,23,0.49620772946859903,0.5143055555555556,0.9877671429702793,1.0237932604735887,1.0364722776614905,0.036472277661490526
I-395 NB AM,GP,110P04670,0.3177900000000001,23,0.6630555555555556,0.9860555555555556,1.912586695383511,2.84428163019371,1.487138667783829,0.48713866778382897
I-395 NB AM,ML,110P16046,0.60294,23,0.5118478260869564,0.5216666666666667,1.018704002561362,1.038245928284738,1.0191831245133436,0.019183124513343586
