sample,demand_basis,threshold_multiplier,link_id,date_local,dc_ratio,duration_h,predicted_duration_h
all_common_support,original_link_throughput,0.900000,L405S-114,2025-09-05,0.953593,1.000000,2.535315
all_common_support,original_link_throughput,0.900000,L405S-114,2025-09-08,0.926928,2.500000,2.464420
all_common_support,original_link_throughput,0.900000,L405S-114,2025-09-09,0.859128,3.250000,2.284161
all_common_support,original_link_throughput,0.900000,L405S-114,2025-09-10,0.937836,3.250000,2.493421
all_common_support,original_link_throughput,0.900000,L405S-114,2025-09-11,0.903898,3.166667,2.403191
all_common_support,original_link_throughput,0.900000,L405S-114,2025-09-12,0.930109,1.000000,2.472878
all_common_support,original_link_throughput,0.900000,L405S-114,2025-09-15,0.977834,2.000000,2.599764
all_common_support,original_link_throughput,0.900000,L405S-114,2025-09-16,0.931170,3.250000,2.475699
all_common_support,original_link_throughput,0.900000,L405S-114,2025-09-17,0.825872,3.166667,2.195743
all_common_support,original_link_throughput,0.900000,L405S-114,2025-09-18,0.950033,2.916667,2.525850
all_common_support,original_link_throughput,0.900000,L405S-114,2025-09-19,0.929579,1.333333,2.471469
all_common_support,original_link_throughput,0.900000,L405S-114,2025-09-22,1.020484,1.750000,2.713157
all_common_support,original_link_throughput,0.900000,L405S-114,2025-09-23,0.914580,3.166667,2.431591
all_common_support,original_link_throughput,0.900000,L405S-114,2025-09-24,0.890717,3.166667,2.368146
all_common_support,original_link_throughput,0.900000,L405S-114,2025-09-25,0.754814,3.250000,2.006821
all_common_support,original_link_throughput,0.900000,L405S-115,2025-09-05,0.923115,1.083333,2.454283
all_common_support,original_link_throughput,0.900000,L405S-115,2025-09-08,0.836007,2.666667,2.222689
all_common_support,original_link_throughput,0.900000,L405S-115,2025-09-09,0.842918,3.416667,2.241063
all_common_support,original_link_throughput,0.900000,L405S-115,2025-09-10,0.927288,3.416667,2.465378
all_common_support,original_link_throughput,0.900000,L405S-115,2025-09-11,0.908380,3.166667,2.415107
all_common_support,original_link_throughput,0.900000,L405S-115,2025-09-12,0.910466,1.083333,2.420653
all_common_support,original_link_throughput,0.900000,L405S-115,2025-09-15,0.926636,2.000000,2.463644
all_common_support,original_link_throughput,0.900000,L405S-115,2025-09-16,0.914900,3.250000,2.432442
all_common_support,original_link_throughput,0.900000,L405S-115,2025-09-17,0.860913,3.416667,2.288907
all_common_support,original_link_throughput,0.900000,L405S-115,2025-09-18,0.915161,3.000000,2.433136
all_common_support,original_link_throughput,0.900000,L405S-115,2025-09-19,0.907467,2.000000,2.412680
all_common_support,original_link_throughput,0.900000,L405S-115,2025-09-22,0.947239,1.916667,2.518421
all_common_support,original_link_throughput,0.900000,L405S-115,2025-09-23,0.895731,3.250000,2.381477
all_common_support,original_link_throughput,0.900000,L405S-115,2025-09-24,0.838745,3.250000,2.229969
all_common_support,original_link_throughput,0.900000,L405S-115,2025-09-25,0.757113,3.250000,2.012934
all_common_support,original_link_throughput,0.900000,L405S-132,2025-09-05,0.913527,0.666667,2.428791
all_common_support,original_link_throughput,0.900000,L405S-132,2025-09-08,0.883862,2.416667,2.349921
all_common_support,original_link_throughput,0.900000,L405S-132,2025-09-09,0.934267,2.833333,2.483933
all_common_support,original_link_throughput,0.900000,L405S-132,2025-09-10,0.980954,2.166667,2.608059
all_common_support,original_link_throughput,0.900000,L405S-132,2025-09-11,0.967361,2.250000,2.571919
all_common_support,original_link_throughput,0.900000,L405S-132,2025-09-12,0.905801,0.750000,2.408250
all_common_support,original_link_throughput,0.900000,L405S-132,2025-09-15,1.014295,1.416667,2.696703
all_common_support,original_link_throughput,0.900000,L405S-132,2025-09-16,0.881342,3.000000,2.343221
all_common_support,original_link_throughput,0.900000,L405S-132,2025-09-17,0.875764,3.250000,2.328391
all_common_support,original_link_throughput,0.900000,L405S-132,2025-09-18,0.977814,2.250000,2.599711
all_common_support,original_link_throughput,0.900000,L405S-132,2025-09-19,0.976987,0.500000,2.597512
all_common_support,original_link_throughput,0.900000,L405S-132,2025-09-22,1.000165,1.916667,2.659135
all_common_support,original_link_throughput,0.900000,L405S-132,2025-09-23,0.879855,3.000000,2.339268
all_common_support,original_link_throughput,0.900000,L405S-132,2025-09-24,0.854363,2.833333,2.271492
all_common_support,original_link_throughput,0.900000,L405S-132,2025-09-25,0.754793,2.750000,2.006766
all_common_support,original_link_throughput,0.950000,L405S-114,2025-09-05,0.953593,1.000000,2.650684
all_common_support,original_link_throughput,0.950000,L405S-114,2025-09-08,0.926928,2.583333,2.576564
all_common_support,original_link_throughput,0.950000,L405S-114,2025-09-09,0.859128,3.333333,2.388101
all_common_support,original_link_throughput,0.950000,L405S-114,2025-09-10,0.937836,3.250000,2.606884
all_common_support,original_link_throughput,0.950000,L405S-114,2025-09-11,0.903898,3.166667,2.512547
all_common_support,original_link_throughput,0.950000,L405S-114,2025-09-12,0.930109,1.000000,2.585406
all_common_support,original_link_throughput,0.950000,L405S-114,2025-09-15,0.977834,2.000000,2.718066
all_common_support,original_link_throughput,0.950000,L405S-114,2025-09-16,0.931170,3.333333,2.588355
all_common_support,original_link_throughput,0.950000,L405S-114,2025-09-17,0.825872,3.250000,2.295660
all_common_support,original_link_throughput,0.950000,L405S-114,2025-09-18,0.950033,3.000000,2.640788
all_common_support,original_link_throughput,0.950000,L405S-114,2025-09-19,0.929579,1.500000,2.583932
all_common_support,original_link_throughput,0.950000,L405S-114,2025-09-22,1.020484,1.916667,2.836619
all_common_support,original_link_throughput,0.950000,L405S-114,2025-09-23,0.914580,3.250000,2.542240
all_common_support,original_link_throughput,0.950000,L405S-114,2025-09-24,0.890717,3.166667,2.475908
all_common_support,original_link_throughput,0.950000,L405S-114,2025-09-25,0.754814,3.250000,2.098142
all_common_support,original_link_throughput,0.950000,L405S-115,2025-09-05,0.923115,1.083333,2.565965
all_common_support,original_link_throughput,0.950000,L405S-115,2025-09-08,0.836007,2.666667,2.323832
all_common_support,original_link_throughput,0.950000,L405S-115,2025-09-09,0.842918,3.416667,2.343043
all_common_support,original_link_throughput,0.950000,L405S-115,2025-09-10,0.927288,3.500000,2.577564
all_common_support,original_link_throughput,0.950000,L405S-115,2025-09-11,0.908380,3.250000,2.525006
all_common_support,original_link_throughput,0.950000,L405S-115,2025-09-12,0.910466,1.083333,2.530804
all_common_support,original_link_throughput,0.950000,L405S-115,2025-09-15,0.926636,2.000000,2.575752
all_common_support,original_link_throughput,0.950000,L405S-115,2025-09-16,0.914900,3.250000,2.543130
all_common_support,original_link_throughput,0.950000,L405S-115,2025-09-17,0.860913,3.500000,2.393063
all_common_support,original_link_throughput,0.950000,L405S-115,2025-09-18,0.915161,3.000000,2.543855
all_common_support,original_link_throughput,0.950000,L405S-115,2025-09-19,0.907467,2.083333,2.522468
all_common_support,original_link_throughput,0.950000,L405S-115,2025-09-22,0.947239,2.000000,2.633022
all_common_support,original_link_throughput,0.950000,L405S-115,2025-09-23,0.895731,3.250000,2.489846
all_common_support,original_link_throughput,0.950000,L405S-115,2025-09-24,0.838745,3.250000,2.331443
all_common_support,original_link_throughput,0.950000,L405S-115,2025-09-25,0.757113,3.250000,2.104532
all_common_support,original_link_throughput,0.950000,L405S-132,2025-09-05,0.913527,1.000000,2.539313
all_common_support,original_link_throughput,0.950000,L405S-132,2025-09-08,0.883862,2.583333,2.456854
all_common_support,original_link_throughput,0.950000,L405S-132,2025-09-09,0.934267,3.000000,2.596964
all_common_support,original_link_throughput,0.950000,L405S-132,2025-09-10,0.980954,2.333333,2.726739
all_common_support,original_link_throughput,0.950000,L405S-132,2025-09-11,0.967361,2.583333,2.688954
all_common_support,original_link_throughput,0.950000,L405S-132,2025-09-12,0.905801,1.083333,2.517837
all_common_support,original_link_throughput,0.950000,L405S-132,2025-09-15,1.014295,1.500000,2.819416
all_common_support,original_link_throughput,0.950000,L405S-132,2025-09-16,0.881342,3.000000,2.449849
all_common_support,original_link_throughput,0.950000,L405S-132,2025-09-17,0.875764,3.416667,2.434344
all_common_support,original_link_throughput,0.950000,L405S-132,2025-09-18,0.977814,2.250000,2.718010
all_common_support,original_link_throughput,0.950000,L405S-132,2025-09-19,0.976987,1.833333,2.715712
all_common_support,original_link_throughput,0.950000,L405S-132,2025-09-22,1.000165,2.000000,2.780139
all_common_support,original_link_throughput,0.950000,L405S-132,2025-09-23,0.879855,3.083333,2.445716
all_common_support,original_link_throughput,0.950000,L405S-132,2025-09-24,0.854363,2.916667,2.374856
all_common_support,original_link_throughput,0.950000,L405S-132,2025-09-25,0.754793,3.000000,2.098083
all_common_support,original_link_throughput,1.000000,L405S-114,2025-09-05,0.953593,1.083333,2.729997
all_common_support,original_link_throughput,1.000000,L405S-114,2025-09-08,0.926928,2.666667,2.653659
all_common_support,original_link_throughput,1.000000,L405S-114,2025-09-09,0.859128,3.416667,2.459558
all_common_support,original_link_throughput,1.000000,L405S-114,2025-09-10,0.937836,3.500000,2.684887
all_common_support,original_link_throughput,1.000000,L405S-114,2025-09-11,0.903898,3.166667,2.587728
all_common_support,original_link_throughput,1.000000,L405S-114,2025-09-12,0.930109,1.083333,2.662766
all_common_support,original_link_throughput,1.000000,L405S-114,2025-09-15,0.977834,2.000000,2.799395
all_common_support,original_link_throughput,1.000000,L405S-114,2025-09-16,0.931170,3.333333,2.665803
all_common_support,original_link_throughput,1.000000,L405S-114,2025-09-17,0.825872,3.333333,2.364351
all_common_support,original_link_throughput,1.000000,L405S-114,2025-09-18,0.950033,3.000000,2.719805
all_common_support,original_link_throughput,1.000000,L405S-114,2025-09-19,0.929579,1.500000,2.661248
all_common_support,original_link_throughput,1.000000,L405S-114,2025-09-22,1.020484,2.000000,2.921496
all_common_support,original_link_throughput,1.000000,L405S-114,2025-09-23,0.914580,3.250000,2.618309
all_common_support,original_link_throughput,1.000000,L405S-114,2025-09-24,0.890717,3.250000,2.549992
all_common_support,original_link_throughput,1.000000,L405S-114,2025-09-25,0.754814,3.250000,2.160922
all_common_support,original_link_throughput,1.000000,L405S-115,2025-09-05,0.923115,1.250000,2.642743
all_common_support,original_link_throughput,1.000000,L405S-115,2025-09-08,0.836007,2.750000,2.393366
all_common_support,original_link_throughput,1.000000,L405S-115,2025-09-09,0.842918,3.500000,2.413151
all_common_support,original_link_throughput,1.000000,L405S-115,2025-09-10,0.927288,3.500000,2.654690
all_common_support,original_link_throughput,1.000000,L405S-115,2025-09-11,0.908380,3.250000,2.600559
all_common_support,original_link_throughput,1.000000,L405S-115,2025-09-12,0.910466,1.083333,2.606531
all_common_support,original_link_throughput,1.000000,L405S-115,2025-09-15,0.926636,2.083333,2.652823
all_common_support,original_link_throughput,1.000000,L405S-115,2025-09-16,0.914900,3.333333,2.619225
all_common_support,original_link_throughput,1.000000,L405S-115,2025-09-17,0.860913,3.500000,2.464668
all_common_support,original_link_throughput,1.000000,L405S-115,2025-09-18,0.915161,3.000000,2.619972
all_common_support,original_link_throughput,1.000000,L405S-115,2025-09-19,0.907467,2.083333,2.597945
all_common_support,original_link_throughput,1.000000,L405S-115,2025-09-22,0.947239,2.000000,2.711806
all_common_support,original_link_throughput,1.000000,L405S-115,2025-09-23,0.895731,3.250000,2.564347
all_common_support,original_link_throughput,1.000000,L405S-115,2025-09-24,0.838745,3.250000,2.401204
all_common_support,original_link_throughput,1.000000,L405S-115,2025-09-25,0.757113,3.250000,2.167504
all_common_support,original_link_throughput,1.000000,L405S-132,2025-09-05,0.913527,1.083333,2.615294
all_common_support,original_link_throughput,1.000000,L405S-132,2025-09-08,0.883862,2.583333,2.530367
all_common_support,original_link_throughput,1.000000,L405S-132,2025-09-09,0.934267,3.000000,2.674670
all_common_support,original_link_throughput,1.000000,L405S-132,2025-09-10,0.980954,2.666667,2.808328
all_common_support,original_link_throughput,1.000000,L405S-132,2025-09-11,0.967361,2.916667,2.769413
all_common_support,original_link_throughput,1.000000,L405S-132,2025-09-12,0.905801,1.166667,2.593176
all_common_support,original_link_throughput,1.000000,L405S-132,2025-09-15,1.014295,1.666667,2.903778
all_common_support,original_link_throughput,1.000000,L405S-132,2025-09-16,0.881342,3.166667,2.523153
all_common_support,original_link_throughput,1.000000,L405S-132,2025-09-17,0.875764,3.416667,2.507184
all_common_support,original_link_throughput,1.000000,L405S-132,2025-09-18,0.977814,2.416667,2.799338
all_common_support,original_link_throughput,1.000000,L405S-132,2025-09-19,0.976987,2.000000,2.796971
all_common_support,original_link_throughput,1.000000,L405S-132,2025-09-22,1.000165,2.083333,2.863326
all_common_support,original_link_throughput,1.000000,L405S-132,2025-09-23,0.879855,3.250000,2.518896
all_common_support,original_link_throughput,1.000000,L405S-132,2025-09-24,0.854363,3.083333,2.445916
all_common_support,original_link_throughput,1.000000,L405S-132,2025-09-25,0.754793,3.083333,2.160862
all_common_support,original_link_throughput,1.050000,L405S-114,2025-09-05,0.953593,1.083333,2.825599
all_common_support,original_link_throughput,1.050000,L405S-114,2025-09-08,0.926928,2.750000,2.746587
all_common_support,original_link_throughput,1.050000,L405S-114,2025-09-09,0.859128,3.416667,2.545689
all_common_support,original_link_throughput,1.050000,L405S-114,2025-09-10,0.937836,3.500000,2.778909
all_common_support,original_link_throughput,1.050000,L405S-114,2025-09-11,0.903898,3.250000,2.678347
all_common_support,original_link_throughput,1.050000,L405S-114,2025-09-12,0.930109,1.083333,2.756013
all_common_support,original_link_throughput,1.050000,L405S-114,2025-09-15,0.977834,2.083333,2.897427
all_common_support,original_link_throughput,1.050000,L405S-114,2025-09-16,0.931170,3.333333,2.759157
all_common_support,original_link_throughput,1.050000,L405S-114,2025-09-17,0.825872,3.416667,2.447147
all_common_support,original_link_throughput,1.050000,L405S-114,2025-09-18,0.950033,3.000000,2.815050
all_common_support,original_link_throughput,1.050000,L405S-114,2025-09-19,0.929579,2.083333,2.754442
all_common_support,original_link_throughput,1.050000,L405S-114,2025-09-22,1.020484,2.000000,3.023804
all_common_support,original_link_throughput,1.050000,L405S-114,2025-09-23,0.914580,3.333333,2.709999
all_common_support,original_link_throughput,1.050000,L405S-114,2025-09-24,0.890717,3.250000,2.639290
all_common_support,original_link_throughput,1.050000,L405S-114,2025-09-25,0.754814,3.250000,2.236595
all_common_support,original_link_throughput,1.050000,L405S-115,2025-09-05,0.923115,1.250000,2.735289
all_common_support,original_link_throughput,1.050000,L405S-115,2025-09-08,0.836007,2.750000,2.477179
all_common_support,original_link_throughput,1.050000,L405S-115,2025-09-09,0.842918,3.583333,2.497657
all_common_support,original_link_throughput,1.050000,L405S-115,2025-09-10,0.927288,3.583333,2.747654
all_common_support,original_link_throughput,1.050000,L405S-115,2025-09-11,0.908380,3.333333,2.691628
all_common_support,original_link_throughput,1.050000,L405S-115,2025-09-12,0.910466,1.166667,2.697809
all_common_support,original_link_throughput,1.050000,L405S-115,2025-09-15,0.926636,2.166667,2.745722
all_common_support,original_link_throughput,1.050000,L405S-115,2025-09-16,0.914900,3.333333,2.710947
all_common_support,original_link_throughput,1.050000,L405S-115,2025-09-17,0.860913,3.500000,2.550978
all_common_support,original_link_throughput,1.050000,L405S-115,2025-09-18,0.915161,3.083333,2.711720
all_common_support,original_link_throughput,1.050000,L405S-115,2025-09-19,0.907467,2.166667,2.688922
all_common_support,original_link_throughput,1.050000,L405S-115,2025-09-22,0.947239,2.000000,2.806771
all_common_support,original_link_throughput,1.050000,L405S-115,2025-09-23,0.895731,3.416667,2.654147
all_common_support,original_link_throughput,1.050000,L405S-115,2025-09-24,0.838745,3.250000,2.485292
all_common_support,original_link_throughput,1.050000,L405S-115,2025-09-25,0.757113,3.250000,2.243407
all_common_support,original_link_throughput,1.050000,L405S-132,2025-09-05,0.913527,1.250000,2.706879
all_common_support,original_link_throughput,1.050000,L405S-132,2025-09-08,0.883862,2.750000,2.618978
all_common_support,original_link_throughput,1.050000,L405S-132,2025-09-09,0.934267,3.083333,2.768334
all_common_support,original_link_throughput,1.050000,L405S-132,2025-09-10,0.980954,3.000000,2.906672
all_common_support,original_link_throughput,1.050000,L405S-132,2025-09-11,0.967361,3.083333,2.866395
all_common_support,original_link_throughput,1.050000,L405S-132,2025-09-12,0.905801,1.166667,2.683986
all_common_support,original_link_throughput,1.050000,L405S-132,2025-09-15,1.014295,2.000000,3.005465
all_common_support,original_link_throughput,1.050000,L405S-132,2025-09-16,0.881342,3.333333,2.611511
all_common_support,original_link_throughput,1.050000,L405S-132,2025-09-17,0.875764,3.416667,2.594983
all_common_support,original_link_throughput,1.050000,L405S-132,2025-09-18,0.977814,2.750000,2.897368
all_common_support,original_link_throughput,1.050000,L405S-132,2025-09-19,0.976987,2.166667,2.894917
all_common_support,original_link_throughput,1.050000,L405S-132,2025-09-22,1.000165,2.166667,2.963596
all_common_support,original_link_throughput,1.050000,L405S-132,2025-09-23,0.879855,3.333333,2.607105
all_common_support,original_link_throughput,1.050000,L405S-132,2025-09-24,0.854363,3.166667,2.531569
all_common_support,original_link_throughput,1.050000,L405S-132,2025-09-25,0.754793,3.166667,2.236533
all_common_support,original_link_throughput,1.100000,L405S-114,2025-09-05,0.953593,1.166667,2.897488
all_common_support,original_link_throughput,1.100000,L405S-114,2025-09-08,0.926928,2.833333,2.816466
all_common_support,original_link_throughput,1.100000,L405S-114,2025-09-09,0.859128,3.416667,2.610456
all_common_support,original_link_throughput,1.100000,L405S-114,2025-09-10,0.937836,3.583333,2.849610
all_common_support,original_link_throughput,1.100000,L405S-114,2025-09-11,0.903898,3.250000,2.746490
all_common_support,original_link_throughput,1.100000,L405S-114,2025-09-12,0.930109,1.166667,2.826132
all_common_support,original_link_throughput,1.100000,L405S-114,2025-09-15,0.977834,2.166667,2.971144
all_common_support,original_link_throughput,1.100000,L405S-114,2025-09-16,0.931170,3.333333,2.829356
all_common_support,original_link_throughput,1.100000,L405S-114,2025-09-17,0.825872,3.416667,2.509408
all_common_support,original_link_throughput,1.100000,L405S-114,2025-09-18,0.950033,3.000000,2.886671
all_common_support,original_link_throughput,1.100000,L405S-114,2025-09-19,0.929579,2.166667,2.824522
all_common_support,original_link_throughput,1.100000,L405S-114,2025-09-22,1.020484,2.083333,3.100736
all_common_support,original_link_throughput,1.100000,L405S-114,2025-09-23,0.914580,3.333333,2.778947
all_common_support,original_link_throughput,1.100000,L405S-114,2025-09-24,0.890717,3.250000,2.706440
all_common_support,original_link_throughput,1.100000,L405S-114,2025-09-25,0.754814,3.250000,2.293499
all_common_support,original_link_throughput,1.100000,L405S-115,2025-09-05,0.923115,1.250000,2.804881
all_common_support,original_link_throughput,1.100000,L405S-115,2025-09-08,0.836007,2.833333,2.540203
all_common_support,original_link_throughput,1.100000,L405S-115,2025-09-09,0.842918,3.583333,2.561202
all_common_support,original_link_throughput,1.100000,L405S-115,2025-09-10,0.927288,3.666667,2.817560
all_common_support,original_link_throughput,1.100000,L405S-115,2025-09-11,0.908380,3.333333,2.760108
all_common_support,original_link_throughput,1.100000,L405S-115,2025-09-12,0.910466,1.166667,2.766447
all_common_support,original_link_throughput,1.100000,L405S-115,2025-09-15,0.926636,2.166667,2.815579
all_common_support,original_link_throughput,1.100000,L405S-115,2025-09-16,0.914900,3.333333,2.779919
all_common_support,original_link_throughput,1.100000,L405S-115,2025-09-17,0.860913,3.500000,2.615880
all_common_support,original_link_throughput,1.100000,L405S-115,2025-09-18,0.915161,3.166667,2.780713
all_common_support,original_link_throughput,1.100000,L405S-115,2025-09-19,0.907467,2.250000,2.757334
all_common_support,original_link_throughput,1.100000,L405S-115,2025-09-22,0.947239,2.083333,2.878181
all_common_support,original_link_throughput,1.100000,L405S-115,2025-09-23,0.895731,3.416667,2.721675
all_common_support,original_link_throughput,1.100000,L405S-115,2025-09-24,0.838745,3.333333,2.548523
all_common_support,original_link_throughput,1.100000,L405S-115,2025-09-25,0.757113,3.250000,2.300484
all_common_support,original_link_throughput,1.100000,L405S-132,2025-09-05,0.913527,1.250000,2.775748
all_common_support,original_link_throughput,1.100000,L405S-132,2025-09-08,0.883862,2.833333,2.685611
all_common_support,original_link_throughput,1.100000,L405S-132,2025-09-09,0.934267,3.500000,2.838766
all_common_support,original_link_throughput,1.100000,L405S-132,2025-09-10,0.980954,3.083333,2.980624
all_common_support,original_link_throughput,1.100000,L405S-132,2025-09-11,0.967361,3.250000,2.939322
all_common_support,original_link_throughput,1.100000,L405S-132,2025-09-12,0.905801,1.333333,2.752272
all_common_support,original_link_throughput,1.100000,L405S-132,2025-09-15,1.014295,2.250000,3.081931
all_common_support,original_link_throughput,1.100000,L405S-132,2025-09-16,0.881342,3.333333,2.677954
all_common_support,original_link_throughput,1.100000,L405S-132,2025-09-17,0.875764,3.500000,2.661005
all_common_support,original_link_throughput,1.100000,L405S-132,2025-09-18,0.977814,3.000000,2.971083
all_common_support,original_link_throughput,1.100000,L405S-132,2025-09-19,0.976987,2.250000,2.968571
all_common_support,original_link_throughput,1.100000,L405S-132,2025-09-22,1.000165,2.250000,3.038997
all_common_support,original_link_throughput,1.100000,L405S-132,2025-09-23,0.879855,3.416667,2.673435
all_common_support,original_link_throughput,1.100000,L405S-132,2025-09-24,0.854363,3.250000,2.595978
all_common_support,original_link_throughput,1.100000,L405S-132,2025-09-25,0.754793,3.250000,2.293435
matched_complete_conservation,original_link_throughput,0.900000,L405S-114,2025-09-05,0.953593,1.000000,2.389432
matched_complete_conservation,original_link_throughput,0.900000,L405S-114,2025-09-08,0.926928,2.500000,2.322617
matched_complete_conservation,original_link_throughput,0.900000,L405S-114,2025-09-09,0.859128,3.250000,2.152729
matched_complete_conservation,original_link_throughput,0.900000,L405S-114,2025-09-10,0.937836,3.250000,2.349949
matched_complete_conservation,original_link_throughput,0.900000,L405S-114,2025-09-11,0.903898,3.166667,2.264910
matched_complete_conservation,original_link_throughput,0.900000,L405S-114,2025-09-12,0.930109,1.000000,2.330587
matched_complete_conservation,original_link_throughput,0.900000,L405S-114,2025-09-15,0.977834,2.000000,2.450173
matched_complete_conservation,original_link_throughput,0.900000,L405S-114,2025-09-16,0.931170,3.250000,2.333246
matched_complete_conservation,original_link_throughput,0.900000,L405S-114,2025-09-17,0.825872,3.166667,2.069399
matched_complete_conservation,original_link_throughput,0.900000,L405S-114,2025-09-18,0.950033,2.916667,2.380511
matched_complete_conservation,original_link_throughput,0.900000,L405S-114,2025-09-19,0.929579,1.333333,2.329259
matched_complete_conservation,original_link_throughput,0.900000,L405S-114,2025-09-22,1.020484,1.750000,2.557041
matched_complete_conservation,original_link_throughput,0.900000,L405S-114,2025-09-23,0.914580,3.166667,2.291676
matched_complete_conservation,original_link_throughput,0.900000,L405S-114,2025-09-24,0.890717,3.166667,2.231882
matched_complete_conservation,original_link_throughput,0.900000,L405S-114,2025-09-25,0.754814,3.250000,1.891348
matched_complete_conservation,original_link_throughput,0.900000,L405S-132,2025-09-05,0.913527,0.666667,2.289038
matched_complete_conservation,original_link_throughput,0.900000,L405S-132,2025-09-08,0.883862,2.416667,2.214706
matched_complete_conservation,original_link_throughput,0.900000,L405S-132,2025-09-09,0.934267,2.833333,2.341006
matched_complete_conservation,original_link_throughput,0.900000,L405S-132,2025-09-10,0.980954,2.166667,2.457990
matched_complete_conservation,original_link_throughput,0.900000,L405S-132,2025-09-11,0.967361,2.250000,2.423930
matched_complete_conservation,original_link_throughput,0.900000,L405S-132,2025-09-12,0.905801,0.750000,2.269678
matched_complete_conservation,original_link_throughput,0.900000,L405S-132,2025-09-15,1.014295,1.416667,2.541533
matched_complete_conservation,original_link_throughput,0.900000,L405S-132,2025-09-16,0.881342,3.000000,2.208391
matched_complete_conservation,original_link_throughput,0.900000,L405S-132,2025-09-17,0.875764,3.250000,2.194414
matched_complete_conservation,original_link_throughput,0.900000,L405S-132,2025-09-18,0.977814,2.250000,2.450122
matched_complete_conservation,original_link_throughput,0.900000,L405S-132,2025-09-19,0.976987,0.500000,2.448050
matched_complete_conservation,original_link_throughput,0.900000,L405S-132,2025-09-22,1.000165,1.916667,2.506128
matched_complete_conservation,original_link_throughput,0.900000,L405S-132,2025-09-23,0.879855,3.000000,2.204665
matched_complete_conservation,original_link_throughput,0.900000,L405S-132,2025-09-24,0.854363,2.833333,2.140790
matched_complete_conservation,original_link_throughput,0.900000,L405S-132,2025-09-25,0.754793,2.750000,1.891296
matched_complete_conservation,upstream_mainline,0.900000,L405S-114,2025-09-05,1.072527,1.000000,2.438186
matched_complete_conservation,upstream_mainline,0.900000,L405S-114,2025-09-08,0.971319,2.500000,2.208110
matched_complete_conservation,upstream_mainline,0.900000,L405S-114,2025-09-09,0.979349,3.250000,2.226365
matched_complete_conservation,upstream_mainline,0.900000,L405S-114,2025-09-10,1.077375,3.250000,2.449208
matched_complete_conservation,upstream_mainline,0.900000,L405S-114,2025-09-11,1.055407,3.166667,2.399266
matched_complete_conservation,upstream_mainline,0.900000,L405S-114,2025-09-12,1.057831,1.000000,2.404777
matched_complete_conservation,upstream_mainline,0.900000,L405S-114,2025-09-15,1.076618,2.000000,2.447486
matched_complete_conservation,upstream_mainline,0.900000,L405S-114,2025-09-16,1.062982,3.250000,2.416488
matched_complete_conservation,upstream_mainline,0.900000,L405S-114,2025-09-17,1.000258,3.166667,2.273896
matched_complete_conservation,upstream_mainline,0.900000,L405S-114,2025-09-18,1.063285,2.916667,2.417176
matched_complete_conservation,upstream_mainline,0.900000,L405S-114,2025-09-19,1.054346,1.333333,2.396855
matched_complete_conservation,upstream_mainline,0.900000,L405S-114,2025-09-22,1.100556,1.750000,2.501905
matched_complete_conservation,upstream_mainline,0.900000,L405S-114,2025-09-23,1.040710,3.166667,2.365857
matched_complete_conservation,upstream_mainline,0.900000,L405S-114,2025-09-24,0.974501,3.166667,2.215343
matched_complete_conservation,upstream_mainline,0.900000,L405S-114,2025-09-25,0.879657,3.250000,1.999733
matched_complete_conservation,upstream_mainline,0.900000,L405S-132,2025-09-05,1.003099,0.666667,2.280354
matched_complete_conservation,upstream_mainline,0.900000,L405S-132,2025-09-08,1.140183,2.416667,2.591990
matched_complete_conservation,upstream_mainline,0.900000,L405S-132,2025-09-09,0.936415,2.833333,2.128763
matched_complete_conservation,upstream_mainline,0.900000,L405S-132,2025-09-10,0.999504,2.166667,2.272183
matched_complete_conservation,upstream_mainline,0.900000,L405S-132,2025-09-11,0.969261,2.250000,2.203431
matched_complete_conservation,upstream_mainline,0.900000,L405S-132,2025-09-12,0.987234,0.750000,2.244288
matched_complete_conservation,upstream_mainline,0.900000,L405S-132,2025-09-15,1.172533,1.416667,2.665532
matched_complete_conservation,upstream_mainline,0.900000,L405S-132,2025-09-16,0.983019,3.000000,2.234708
matched_complete_conservation,upstream_mainline,0.900000,L405S-132,2025-09-17,0.967526,3.250000,2.199487
matched_complete_conservation,upstream_mainline,0.900000,L405S-132,2025-09-18,0.977814,2.250000,2.222873
matched_complete_conservation,upstream_mainline,0.900000,L405S-132,2025-09-19,0.950174,0.500000,2.160039
matched_complete_conservation,upstream_mainline,0.900000,L405S-132,2025-09-22,1.168319,1.916667,2.655952
matched_complete_conservation,upstream_mainline,0.900000,L405S-132,2025-09-23,0.950421,3.000000,2.160603
matched_complete_conservation,upstream_mainline,0.900000,L405S-132,2025-09-24,0.954016,2.833333,2.168774
matched_complete_conservation,upstream_mainline,0.900000,L405S-132,2025-09-25,0.842960,2.750000,1.916309
matched_complete_conservation,upstream_plus_on,0.900000,L405S-114,2025-09-05,1.187673,1.000000,2.498023
matched_complete_conservation,upstream_plus_on,0.900000,L405S-114,2025-09-08,1.086769,2.500000,2.285792
matched_complete_conservation,upstream_plus_on,0.900000,L405S-114,2025-09-09,1.100859,3.250000,2.315428
matched_complete_conservation,upstream_plus_on,0.900000,L405S-114,2025-09-10,1.200855,3.250000,2.525747
matched_complete_conservation,upstream_plus_on,0.900000,L405S-114,2025-09-11,1.169795,3.166667,2.460421
matched_complete_conservation,upstream_plus_on,0.900000,L405S-114,2025-09-12,1.174189,1.000000,2.469662
matched_complete_conservation,upstream_plus_on,0.900000,L405S-114,2025-09-15,1.192219,2.000000,2.507583
matched_complete_conservation,upstream_plus_on,0.900000,L405S-114,2025-09-16,1.180249,3.250000,2.482409
matched_complete_conservation,upstream_plus_on,0.900000,L405S-114,2025-09-17,1.117222,3.166667,2.349844
matched_complete_conservation,upstream_plus_on,0.900000,L405S-114,2025-09-18,1.182674,2.916667,2.487507
matched_complete_conservation,upstream_plus_on,0.900000,L405S-114,2025-09-19,1.164796,1.333333,2.449905
matched_complete_conservation,upstream_plus_on,0.900000,L405S-114,2025-09-22,1.213278,1.750000,2.551878
matched_complete_conservation,upstream_plus_on,0.900000,L405S-114,2025-09-23,1.152523,3.166667,2.424093
matched_complete_conservation,upstream_plus_on,0.900000,L405S-114,2025-09-24,1.094950,3.166667,2.303000
matched_complete_conservation,upstream_plus_on,0.900000,L405S-114,2025-09-25,0.967077,3.250000,2.034045
matched_complete_conservation,upstream_plus_on,0.900000,L405S-132,2025-09-05,1.059990,0.666667,2.229468
matched_complete_conservation,upstream_plus_on,0.900000,L405S-132,2025-09-08,1.188275,2.416667,2.499288
matched_complete_conservation,upstream_plus_on,0.900000,L405S-132,2025-09-09,0.997397,2.833333,2.097817
matched_complete_conservation,upstream_plus_on,0.900000,L405S-132,2025-09-10,1.055652,2.166667,2.220344
matched_complete_conservation,upstream_plus_on,0.900000,L405S-132,2025-09-11,1.024170,2.250000,2.154127
matched_complete_conservation,upstream_plus_on,0.900000,L405S-132,2025-09-12,1.042885,0.750000,2.193492
matched_complete_conservation,upstream_plus_on,0.900000,L405S-132,2025-09-15,1.227938,1.416667,2.582711
matched_complete_conservation,upstream_plus_on,0.900000,L405S-132,2025-09-16,1.035944,3.000000,2.178893
matched_complete_conservation,upstream_plus_on,0.900000,L405S-132,2025-09-17,1.020699,3.250000,2.146828
matched_complete_conservation,upstream_plus_on,0.900000,L405S-132,2025-09-18,1.032722,2.250000,2.172115
matched_complete_conservation,upstream_plus_on,0.900000,L405S-132,2025-09-19,0.997645,0.500000,2.098338
matched_complete_conservation,upstream_plus_on,0.900000,L405S-132,2025-09-22,1.220005,1.916667,2.566026
matched_complete_conservation,upstream_plus_on,0.900000,L405S-132,2025-09-23,1.002603,3.000000,2.108766
matched_complete_conservation,upstream_plus_on,0.900000,L405S-132,2025-09-24,1.012395,2.833333,2.129361
matched_complete_conservation,upstream_plus_on,0.900000,L405S-132,2025-09-25,0.908156,2.750000,1.910116
matched_complete_conservation,upstream_plus_on_minus_off,0.900000,L405S-114,2025-09-05,0.962077,1.000000,2.272643
matched_complete_conservation,upstream_plus_on_minus_off,0.900000,L405S-114,2025-09-08,0.810872,2.500000,1.915462
matched_complete_conservation,upstream_plus_on_minus_off,0.900000,L405S-114,2025-09-09,0.856325,3.250000,2.022831
matched_complete_conservation,upstream_plus_on_minus_off,0.900000,L405S-114,2025-09-10,0.941321,3.250000,2.223611
matched_complete_conservation,upstream_plus_on_minus_off,0.900000,L405S-114,2025-09-11,0.961320,3.166667,2.270853
matched_complete_conservation,upstream_plus_on_minus_off,0.900000,L405S-114,2025-09-12,0.935867,1.000000,2.210727
matched_complete_conservation,upstream_plus_on_minus_off,0.900000,L405S-114,2025-09-15,0.953442,2.000000,2.252243
matched_complete_conservation,upstream_plus_on_minus_off,0.900000,L405S-114,2025-09-16,0.936321,3.250000,2.211800
matched_complete_conservation,upstream_plus_on_minus_off,0.900000,L405S-114,2025-09-17,0.878293,3.166667,2.074726
matched_complete_conservation,upstream_plus_on_minus_off,0.900000,L405S-114,2025-09-18,0.938745,2.916667,2.217527
matched_complete_conservation,upstream_plus_on_minus_off,0.900000,L405S-114,2025-09-19,0.936776,1.333333,2.212874
matched_complete_conservation,upstream_plus_on_minus_off,0.900000,L405S-114,2025-09-22,0.984804,1.750000,2.326327
matched_complete_conservation,upstream_plus_on_minus_off,0.900000,L405S-114,2025-09-23,0.918746,3.166667,2.170284
matched_complete_conservation,upstream_plus_on_minus_off,0.900000,L405S-114,2025-09-24,0.858597,3.166667,2.028200
matched_complete_conservation,upstream_plus_on_minus_off,0.900000,L405S-114,2025-09-25,0.744966,3.250000,1.759777
matched_complete_conservation,upstream_plus_on_minus_off,0.900000,L405S-132,2025-09-05,1.023054,0.666667,2.416683
matched_complete_conservation,upstream_plus_on_minus_off,0.900000,L405S-132,2025-09-08,1.159395,2.416667,2.738751
matched_complete_conservation,upstream_plus_on_minus_off,0.900000,L405S-132,2025-09-09,0.972484,2.833333,2.297225
matched_complete_conservation,upstream_plus_on_minus_off,0.900000,L405S-132,2025-09-10,1.028260,2.166667,2.428980
matched_complete_conservation,upstream_plus_on_minus_off,0.900000,L405S-132,2025-09-11,0.996282,2.250000,2.353441
matched_complete_conservation,upstream_plus_on_minus_off,0.900000,L405S-132,2025-09-12,1.005454,0.750000,2.375107
matched_complete_conservation,upstream_plus_on_minus_off,0.900000,L405S-132,2025-09-15,1.199926,1.416667,2.834494
matched_complete_conservation,upstream_plus_on_minus_off,0.900000,L405S-132,2025-09-16,1.008924,3.000000,2.383305
matched_complete_conservation,upstream_plus_on_minus_off,0.900000,L405S-132,2025-09-17,0.991696,3.250000,2.342607
matched_complete_conservation,upstream_plus_on_minus_off,0.900000,L405S-132,2025-09-18,1.004958,2.250000,2.373936
matched_complete_conservation,upstream_plus_on_minus_off,0.900000,L405S-132,2025-09-19,0.961453,0.500000,2.271167
matched_complete_conservation,upstream_plus_on_minus_off,0.900000,L405S-132,2025-09-22,1.187779,1.916667,2.805800
matched_complete_conservation,upstream_plus_on_minus_off,0.900000,L405S-132,2025-09-23,0.974591,3.000000,2.302203
matched_complete_conservation,upstream_plus_on_minus_off,0.900000,L405S-132,2025-09-24,0.984507,2.833333,2.325626
matched_complete_conservation,upstream_plus_on_minus_off,0.900000,L405S-132,2025-09-25,0.888324,2.750000,2.098421
matched_complete_conservation,original_link_throughput,0.950000,L405S-114,2025-09-05,0.953593,1.000000,2.544469
matched_complete_conservation,original_link_throughput,0.950000,L405S-114,2025-09-08,0.926928,2.583333,2.473319
matched_complete_conservation,original_link_throughput,0.950000,L405S-114,2025-09-09,0.859128,3.333333,2.292408
matched_complete_conservation,original_link_throughput,0.950000,L405S-114,2025-09-10,0.937836,3.250000,2.502425
matched_complete_conservation,original_link_throughput,0.950000,L405S-114,2025-09-11,0.903898,3.166667,2.411868
matched_complete_conservation,original_link_throughput,0.950000,L405S-114,2025-09-12,0.930109,1.000000,2.481807
matched_complete_conservation,original_link_throughput,0.950000,L405S-114,2025-09-15,0.977834,2.000000,2.609151
matched_complete_conservation,original_link_throughput,0.950000,L405S-114,2025-09-16,0.931170,3.333333,2.484638
matched_complete_conservation,original_link_throughput,0.950000,L405S-114,2025-09-17,0.825872,3.250000,2.203672
matched_complete_conservation,original_link_throughput,0.950000,L405S-114,2025-09-18,0.950033,3.000000,2.534970
matched_complete_conservation,original_link_throughput,0.950000,L405S-114,2025-09-19,0.929579,1.500000,2.480393
matched_complete_conservation,original_link_throughput,0.950000,L405S-114,2025-09-22,1.020484,1.916667,2.722954
matched_complete_conservation,original_link_throughput,0.950000,L405S-114,2025-09-23,0.914580,3.250000,2.440371
matched_complete_conservation,original_link_throughput,0.950000,L405S-114,2025-09-24,0.890717,3.166667,2.376697
matched_complete_conservation,original_link_throughput,0.950000,L405S-114,2025-09-25,0.754814,3.250000,2.014068
matched_complete_conservation,original_link_throughput,0.950000,L405S-132,2025-09-05,0.913527,1.000000,2.437561
matched_complete_conservation,original_link_throughput,0.950000,L405S-132,2025-09-08,0.883862,2.583333,2.358406
matched_complete_conservation,original_link_throughput,0.950000,L405S-132,2025-09-09,0.934267,3.000000,2.492902
matched_complete_conservation,original_link_throughput,0.950000,L405S-132,2025-09-10,0.980954,2.333333,2.617476
matched_complete_conservation,original_link_throughput,0.950000,L405S-132,2025-09-11,0.967361,2.583333,2.581206
matched_complete_conservation,original_link_throughput,0.950000,L405S-132,2025-09-12,0.905801,1.083333,2.416946
matched_complete_conservation,original_link_throughput,0.950000,L405S-132,2025-09-15,1.014295,1.500000,2.706440
matched_complete_conservation,original_link_throughput,0.950000,L405S-132,2025-09-16,0.881342,3.000000,2.351682
matched_complete_conservation,original_link_throughput,0.950000,L405S-132,2025-09-17,0.875764,3.416667,2.336798
matched_complete_conservation,original_link_throughput,0.950000,L405S-132,2025-09-18,0.977814,2.250000,2.609098
matched_complete_conservation,original_link_throughput,0.950000,L405S-132,2025-09-19,0.976987,1.833333,2.606891
matched_complete_conservation,original_link_throughput,0.950000,L405S-132,2025-09-22,1.000165,2.000000,2.668737
matched_complete_conservation,original_link_throughput,0.950000,L405S-132,2025-09-23,0.879855,3.083333,2.347714
matched_complete_conservation,original_link_throughput,0.950000,L405S-132,2025-09-24,0.854363,2.916667,2.279694
matched_complete_conservation,original_link_throughput,0.950000,L405S-132,2025-09-25,0.754793,3.000000,2.014012
matched_complete_conservation,upstream_mainline,0.950000,L405S-114,2025-09-05,1.072527,1.000000,2.588492
matched_complete_conservation,upstream_mainline,0.950000,L405S-114,2025-09-08,0.971319,2.583333,2.344233
matched_complete_conservation,upstream_mainline,0.950000,L405S-114,2025-09-09,0.979349,3.333333,2.363612
matched_complete_conservation,upstream_mainline,0.950000,L405S-114,2025-09-10,1.077375,3.250000,2.600193
matched_complete_conservation,upstream_mainline,0.950000,L405S-114,2025-09-11,1.055407,3.166667,2.547173
matched_complete_conservation,upstream_mainline,0.950000,L405S-114,2025-09-12,1.057831,1.000000,2.553023
matched_complete_conservation,upstream_mainline,0.950000,L405S-114,2025-09-15,1.076618,2.000000,2.598365
matched_complete_conservation,upstream_mainline,0.950000,L405S-114,2025-09-16,1.062982,3.333333,2.565456
matched_complete_conservation,upstream_mainline,0.950000,L405S-114,2025-09-17,1.000258,3.250000,2.414073
matched_complete_conservation,upstream_mainline,0.950000,L405S-114,2025-09-18,1.063285,3.000000,2.566187
matched_complete_conservation,upstream_mainline,0.950000,L405S-114,2025-09-19,1.054346,1.500000,2.544613
matched_complete_conservation,upstream_mainline,0.950000,L405S-114,2025-09-22,1.100556,1.916667,2.656139
matched_complete_conservation,upstream_mainline,0.950000,L405S-114,2025-09-23,1.040710,3.250000,2.511704
matched_complete_conservation,upstream_mainline,0.950000,L405S-114,2025-09-24,0.974501,3.166667,2.351911
matched_complete_conservation,upstream_mainline,0.950000,L405S-114,2025-09-25,0.879657,3.250000,2.123010
matched_complete_conservation,upstream_mainline,0.950000,L405S-132,2025-09-05,1.003099,1.000000,2.420930
matched_complete_conservation,upstream_mainline,0.950000,L405S-132,2025-09-08,1.140183,2.583333,2.751778
matched_complete_conservation,upstream_mainline,0.950000,L405S-132,2025-09-09,0.936415,3.000000,2.259993
matched_complete_conservation,upstream_mainline,0.950000,L405S-132,2025-09-10,0.999504,2.333333,2.412255
matched_complete_conservation,upstream_mainline,0.950000,L405S-132,2025-09-11,0.969261,2.583333,2.339265
matched_complete_conservation,upstream_mainline,0.950000,L405S-132,2025-09-12,0.987234,1.083333,2.382640
matched_complete_conservation,upstream_mainline,0.950000,L405S-132,2025-09-15,1.172533,1.500000,2.829853
matched_complete_conservation,upstream_mainline,0.950000,L405S-132,2025-09-16,0.983019,3.000000,2.372470
matched_complete_conservation,upstream_mainline,0.950000,L405S-132,2025-09-17,0.967526,3.416667,2.335077
matched_complete_conservation,upstream_mainline,0.950000,L405S-132,2025-09-18,0.977814,2.250000,2.359906
matched_complete_conservation,upstream_mainline,0.950000,L405S-132,2025-09-19,0.950174,1.833333,2.293198
matched_complete_conservation,upstream_mainline,0.950000,L405S-132,2025-09-22,1.168319,2.000000,2.819682
matched_complete_conservation,upstream_mainline,0.950000,L405S-132,2025-09-23,0.950421,3.083333,2.293796
matched_complete_conservation,upstream_mainline,0.950000,L405S-132,2025-09-24,0.954016,2.916667,2.302471
matched_complete_conservation,upstream_mainline,0.950000,L405S-132,2025-09-25,0.842960,3.000000,2.034443
matched_complete_conservation,upstream_plus_on,0.950000,L405S-114,2025-09-05,1.187673,1.000000,2.648991
matched_complete_conservation,upstream_plus_on,0.950000,L405S-114,2025-09-08,1.086769,2.583333,2.423933
matched_complete_conservation,upstream_plus_on,0.950000,L405S-114,2025-09-09,1.100859,3.333333,2.455360
matched_complete_conservation,upstream_plus_on,0.950000,L405S-114,2025-09-10,1.200855,3.250000,2.678391
matched_complete_conservation,upstream_plus_on,0.950000,L405S-114,2025-09-11,1.169795,3.166667,2.609116
matched_complete_conservation,upstream_plus_on,0.950000,L405S-114,2025-09-12,1.174189,1.000000,2.618916
matched_complete_conservation,upstream_plus_on,0.950000,L405S-114,2025-09-15,1.192219,2.000000,2.659129
matched_complete_conservation,upstream_plus_on,0.950000,L405S-114,2025-09-16,1.180249,3.333333,2.632433
matched_complete_conservation,upstream_plus_on,0.950000,L405S-114,2025-09-17,1.117222,3.250000,2.491856
matched_complete_conservation,upstream_plus_on,0.950000,L405S-114,2025-09-18,1.182674,3.000000,2.637840
matched_complete_conservation,upstream_plus_on,0.950000,L405S-114,2025-09-19,1.164796,1.500000,2.597965
matched_complete_conservation,upstream_plus_on,0.950000,L405S-114,2025-09-22,1.213278,1.916667,2.706100
matched_complete_conservation,upstream_plus_on,0.950000,L405S-114,2025-09-23,1.152523,3.250000,2.570593
matched_complete_conservation,upstream_plus_on,0.950000,L405S-114,2025-09-24,1.094950,3.166667,2.442181
matched_complete_conservation,upstream_plus_on,0.950000,L405S-114,2025-09-25,0.967077,3.250000,2.156973
matched_complete_conservation,upstream_plus_on,0.950000,L405S-132,2025-09-05,1.059990,1.000000,2.364206
matched_complete_conservation,upstream_plus_on,0.950000,L405S-132,2025-09-08,1.188275,2.583333,2.650332
matched_complete_conservation,upstream_plus_on,0.950000,L405S-132,2025-09-09,0.997397,3.000000,2.224598
matched_complete_conservation,upstream_plus_on,0.950000,L405S-132,2025-09-10,1.055652,2.333333,2.354530
matched_complete_conservation,upstream_plus_on,0.950000,L405S-132,2025-09-11,1.024170,2.583333,2.284312
matched_complete_conservation,upstream_plus_on,0.950000,L405S-132,2025-09-12,1.042885,1.083333,2.326056
matched_complete_conservation,upstream_plus_on,0.950000,L405S-132,2025-09-15,1.227938,1.500000,2.738797
matched_complete_conservation,upstream_plus_on,0.950000,L405S-132,2025-09-16,1.035944,3.000000,2.310575
matched_complete_conservation,upstream_plus_on,0.950000,L405S-132,2025-09-17,1.020699,3.416667,2.276571
matched_complete_conservation,upstream_plus_on,0.950000,L405S-132,2025-09-18,1.032722,2.250000,2.303387
matched_complete_conservation,upstream_plus_on,0.950000,L405S-132,2025-09-19,0.997645,1.833333,2.225151
matched_complete_conservation,upstream_plus_on,0.950000,L405S-132,2025-09-22,1.220005,2.000000,2.721104
matched_complete_conservation,upstream_plus_on,0.950000,L405S-132,2025-09-23,1.002603,3.083333,2.236209
matched_complete_conservation,upstream_plus_on,0.950000,L405S-132,2025-09-24,1.012395,2.916667,2.258049
matched_complete_conservation,upstream_plus_on,0.950000,L405S-132,2025-09-25,0.908156,3.000000,2.025554
matched_complete_conservation,upstream_plus_on_minus_off,0.950000,L405S-114,2025-09-05,0.962077,1.000000,2.419816
matched_complete_conservation,upstream_plus_on_minus_off,0.950000,L405S-114,2025-09-08,0.810872,2.583333,2.039505
matched_complete_conservation,upstream_plus_on_minus_off,0.950000,L405S-114,2025-09-09,0.856325,3.333333,2.153827
matched_complete_conservation,upstream_plus_on_minus_off,0.950000,L405S-114,2025-09-10,0.941321,3.250000,2.367609
matched_complete_conservation,upstream_plus_on_minus_off,0.950000,L405S-114,2025-09-11,0.961320,3.166667,2.417911
matched_complete_conservation,upstream_plus_on_minus_off,0.950000,L405S-114,2025-09-12,0.935867,1.000000,2.353890
matched_complete_conservation,upstream_plus_on_minus_off,0.950000,L405S-114,2025-09-15,0.953442,2.000000,2.398095
matched_complete_conservation,upstream_plus_on_minus_off,0.950000,L405S-114,2025-09-16,0.936321,3.333333,2.355033
matched_complete_conservation,upstream_plus_on_minus_off,0.950000,L405S-114,2025-09-17,0.878293,3.250000,2.209082
matched_complete_conservation,upstream_plus_on_minus_off,0.950000,L405S-114,2025-09-18,0.938745,3.000000,2.361131
matched_complete_conservation,upstream_plus_on_minus_off,0.950000,L405S-114,2025-09-19,0.936776,1.500000,2.356177
matched_complete_conservation,upstream_plus_on_minus_off,0.950000,L405S-114,2025-09-22,0.984804,1.916667,2.476977
matched_complete_conservation,upstream_plus_on_minus_off,0.950000,L405S-114,2025-09-23,0.918746,3.250000,2.310829
matched_complete_conservation,upstream_plus_on_minus_off,0.950000,L405S-114,2025-09-24,0.858597,3.166667,2.159543
matched_complete_conservation,upstream_plus_on_minus_off,0.950000,L405S-114,2025-09-25,0.744966,3.250000,1.873738
matched_complete_conservation,upstream_plus_on_minus_off,0.950000,L405S-132,2025-09-05,1.023054,1.000000,2.573184
matched_complete_conservation,upstream_plus_on_minus_off,0.950000,L405S-132,2025-09-08,1.159395,2.583333,2.916109
matched_complete_conservation,upstream_plus_on_minus_off,0.950000,L405S-132,2025-09-09,0.972484,3.000000,2.445990
matched_complete_conservation,upstream_plus_on_minus_off,0.950000,L405S-132,2025-09-10,1.028260,2.333333,2.586278
matched_complete_conservation,upstream_plus_on_minus_off,0.950000,L405S-132,2025-09-11,0.996282,2.583333,2.505846
matched_complete_conservation,upstream_plus_on_minus_off,0.950000,L405S-132,2025-09-12,1.005454,1.083333,2.528916
matched_complete_conservation,upstream_plus_on_minus_off,0.950000,L405S-132,2025-09-15,1.199926,1.500000,3.018051
matched_complete_conservation,upstream_plus_on_minus_off,0.950000,L405S-132,2025-09-16,1.008924,3.000000,2.537645
matched_complete_conservation,upstream_plus_on_minus_off,0.950000,L405S-132,2025-09-17,0.991696,3.416667,2.494311
matched_complete_conservation,upstream_plus_on_minus_off,0.950000,L405S-132,2025-09-18,1.004958,2.250000,2.527669
matched_complete_conservation,upstream_plus_on_minus_off,0.950000,L405S-132,2025-09-19,0.961453,1.833333,2.418244
matched_complete_conservation,upstream_plus_on_minus_off,0.950000,L405S-132,2025-09-22,1.187779,2.000000,2.987500
matched_complete_conservation,upstream_plus_on_minus_off,0.950000,L405S-132,2025-09-23,0.974591,3.083333,2.451290
matched_complete_conservation,upstream_plus_on_minus_off,0.950000,L405S-132,2025-09-24,0.984507,2.916667,2.476230
matched_complete_conservation,upstream_plus_on_minus_off,0.950000,L405S-132,2025-09-25,0.888324,3.000000,2.234312
matched_complete_conservation,original_link_throughput,1.000000,L405S-114,2025-09-05,0.953593,1.083333,2.644037
matched_complete_conservation,original_link_throughput,1.000000,L405S-114,2025-09-08,0.926928,2.666667,2.570103
matched_complete_conservation,original_link_throughput,1.000000,L405S-114,2025-09-09,0.859128,3.416667,2.382113
matched_complete_conservation,original_link_throughput,1.000000,L405S-114,2025-09-10,0.937836,3.500000,2.600348
matched_complete_conservation,original_link_throughput,1.000000,L405S-114,2025-09-11,0.903898,3.166667,2.506247
matched_complete_conservation,original_link_throughput,1.000000,L405S-114,2025-09-12,0.930109,1.083333,2.578923
matched_complete_conservation,original_link_throughput,1.000000,L405S-114,2025-09-15,0.977834,2.000000,2.711251
matched_complete_conservation,original_link_throughput,1.000000,L405S-114,2025-09-16,0.931170,3.333333,2.581865
matched_complete_conservation,original_link_throughput,1.000000,L405S-114,2025-09-17,0.825872,3.333333,2.289904
matched_complete_conservation,original_link_throughput,1.000000,L405S-114,2025-09-18,0.950033,3.000000,2.634166
matched_complete_conservation,original_link_throughput,1.000000,L405S-114,2025-09-19,0.929579,1.500000,2.577453
matched_complete_conservation,original_link_throughput,1.000000,L405S-114,2025-09-22,1.020484,2.000000,2.829507
matched_complete_conservation,original_link_throughput,1.000000,L405S-114,2025-09-23,0.914580,3.250000,2.535866
matched_complete_conservation,original_link_throughput,1.000000,L405S-114,2025-09-24,0.890717,3.250000,2.469700
matched_complete_conservation,original_link_throughput,1.000000,L405S-114,2025-09-25,0.754814,3.250000,2.092881
matched_complete_conservation,original_link_throughput,1.000000,L405S-132,2025-09-05,0.913527,1.083333,2.532946
matched_complete_conservation,original_link_throughput,1.000000,L405S-132,2025-09-08,0.883862,2.583333,2.450693
matched_complete_conservation,original_link_throughput,1.000000,L405S-132,2025-09-09,0.934267,3.000000,2.590452
matched_complete_conservation,original_link_throughput,1.000000,L405S-132,2025-09-10,0.980954,2.666667,2.719901
matched_complete_conservation,original_link_throughput,1.000000,L405S-132,2025-09-11,0.967361,2.916667,2.682212
matched_complete_conservation,original_link_throughput,1.000000,L405S-132,2025-09-12,0.905801,1.166667,2.511524
matched_complete_conservation,original_link_throughput,1.000000,L405S-132,2025-09-15,1.014295,1.666667,2.812346
matched_complete_conservation,original_link_throughput,1.000000,L405S-132,2025-09-16,0.881342,3.166667,2.443706
matched_complete_conservation,original_link_throughput,1.000000,L405S-132,2025-09-17,0.875764,3.416667,2.428240
matched_complete_conservation,original_link_throughput,1.000000,L405S-132,2025-09-18,0.977814,2.416667,2.711195
matched_complete_conservation,original_link_throughput,1.000000,L405S-132,2025-09-19,0.976987,2.000000,2.708902
matched_complete_conservation,original_link_throughput,1.000000,L405S-132,2025-09-22,1.000165,2.083333,2.773168
matched_complete_conservation,original_link_throughput,1.000000,L405S-132,2025-09-23,0.879855,3.250000,2.439583
matched_complete_conservation,original_link_throughput,1.000000,L405S-132,2025-09-24,0.854363,3.083333,2.368901
matched_complete_conservation,original_link_throughput,1.000000,L405S-132,2025-09-25,0.754793,3.083333,2.092822
matched_complete_conservation,upstream_mainline,1.000000,L405S-114,2025-09-05,1.072527,1.083333,2.686841
matched_complete_conservation,upstream_mainline,1.000000,L405S-114,2025-09-08,0.971319,2.666667,2.433301
matched_complete_conservation,upstream_mainline,1.000000,L405S-114,2025-09-09,0.979349,3.416667,2.453417
matched_complete_conservation,upstream_mainline,1.000000,L405S-114,2025-09-10,1.077375,3.500000,2.698987
matched_complete_conservation,upstream_mainline,1.000000,L405S-114,2025-09-11,1.055407,3.166667,2.643952
matched_complete_conservation,upstream_mainline,1.000000,L405S-114,2025-09-12,1.057831,1.083333,2.650025
matched_complete_conservation,upstream_mainline,1.000000,L405S-114,2025-09-15,1.076618,2.000000,2.697089
matched_complete_conservation,upstream_mainline,1.000000,L405S-114,2025-09-16,1.062982,3.333333,2.662929
matched_complete_conservation,upstream_mainline,1.000000,L405S-114,2025-09-17,1.000258,3.333333,2.505795
matched_complete_conservation,upstream_mainline,1.000000,L405S-114,2025-09-18,1.063285,3.000000,2.663689
matched_complete_conservation,upstream_mainline,1.000000,L405S-114,2025-09-19,1.054346,1.500000,2.641295
matched_complete_conservation,upstream_mainline,1.000000,L405S-114,2025-09-22,1.100556,2.000000,2.757058
matched_complete_conservation,upstream_mainline,1.000000,L405S-114,2025-09-23,1.040710,3.250000,2.607135
matched_complete_conservation,upstream_mainline,1.000000,L405S-114,2025-09-24,0.974501,3.250000,2.441272
matched_complete_conservation,upstream_mainline,1.000000,L405S-114,2025-09-25,0.879657,3.250000,2.203673
matched_complete_conservation,upstream_mainline,1.000000,L405S-132,2025-09-05,1.003099,1.083333,2.512913
matched_complete_conservation,upstream_mainline,1.000000,L405S-132,2025-09-08,1.140183,2.583333,2.856331
matched_complete_conservation,upstream_mainline,1.000000,L405S-132,2025-09-09,0.936415,3.000000,2.345861
matched_complete_conservation,upstream_mainline,1.000000,L405S-132,2025-09-10,0.999504,2.666667,2.503908
matched_complete_conservation,upstream_mainline,1.000000,L405S-132,2025-09-11,0.969261,2.916667,2.428145
matched_complete_conservation,upstream_mainline,1.000000,L405S-132,2025-09-12,0.987234,1.166667,2.473168
matched_complete_conservation,upstream_mainline,1.000000,L405S-132,2025-09-15,1.172533,1.666667,2.937372
matched_complete_conservation,upstream_mainline,1.000000,L405S-132,2025-09-16,0.983019,3.166667,2.462611
matched_complete_conservation,upstream_mainline,1.000000,L405S-132,2025-09-17,0.967526,3.416667,2.423798
matched_complete_conservation,upstream_mainline,1.000000,L405S-132,2025-09-18,0.977814,2.416667,2.449570
matched_complete_conservation,upstream_mainline,1.000000,L405S-132,2025-09-19,0.950174,2.000000,2.380327
matched_complete_conservation,upstream_mainline,1.000000,L405S-132,2025-09-22,1.168319,2.083333,2.926815
matched_complete_conservation,upstream_mainline,1.000000,L405S-132,2025-09-23,0.950421,3.250000,2.380948
matched_complete_conservation,upstream_mainline,1.000000,L405S-132,2025-09-24,0.954016,3.083333,2.389953
matched_complete_conservation,upstream_mainline,1.000000,L405S-132,2025-09-25,0.842960,3.083333,2.111741
matched_complete_conservation,upstream_plus_on,1.000000,L405S-114,2025-09-05,1.187673,1.083333,2.748483
matched_complete_conservation,upstream_plus_on,1.000000,L405S-114,2025-09-08,1.086769,2.666667,2.514973
matched_complete_conservation,upstream_plus_on,1.000000,L405S-114,2025-09-09,1.100859,3.416667,2.547580
matched_complete_conservation,upstream_plus_on,1.000000,L405S-114,2025-09-10,1.200855,3.500000,2.778987
matched_complete_conservation,upstream_plus_on,1.000000,L405S-114,2025-09-11,1.169795,3.166667,2.707111
matched_complete_conservation,upstream_plus_on,1.000000,L405S-114,2025-09-12,1.174189,1.083333,2.717278
matched_complete_conservation,upstream_plus_on,1.000000,L405S-114,2025-09-15,1.192219,2.000000,2.759002
matched_complete_conservation,upstream_plus_on,1.000000,L405S-114,2025-09-16,1.180249,3.333333,2.731303
matched_complete_conservation,upstream_plus_on,1.000000,L405S-114,2025-09-17,1.117222,3.333333,2.585447
matched_complete_conservation,upstream_plus_on,1.000000,L405S-114,2025-09-18,1.182674,3.000000,2.736913
matched_complete_conservation,upstream_plus_on,1.000000,L405S-114,2025-09-19,1.164796,1.500000,2.695540
matched_complete_conservation,upstream_plus_on,1.000000,L405S-114,2025-09-22,1.213278,2.000000,2.807737
matched_complete_conservation,upstream_plus_on,1.000000,L405S-114,2025-09-23,1.152523,3.250000,2.667140
matched_complete_conservation,upstream_plus_on,1.000000,L405S-114,2025-09-24,1.094950,3.250000,2.533906
matched_complete_conservation,upstream_plus_on,1.000000,L405S-114,2025-09-25,0.967077,3.250000,2.237986
matched_complete_conservation,upstream_plus_on,1.000000,L405S-132,2025-09-05,1.059990,1.083333,2.453002
matched_complete_conservation,upstream_plus_on,1.000000,L405S-132,2025-09-08,1.188275,2.583333,2.749875
matched_complete_conservation,upstream_plus_on,1.000000,L405S-132,2025-09-09,0.997397,3.000000,2.308151
matched_complete_conservation,upstream_plus_on,1.000000,L405S-132,2025-09-10,1.055652,2.666667,2.442963
matched_complete_conservation,upstream_plus_on,1.000000,L405S-132,2025-09-11,1.024170,2.916667,2.370107
matched_complete_conservation,upstream_plus_on,1.000000,L405S-132,2025-09-12,1.042885,1.166667,2.413419
matched_complete_conservation,upstream_plus_on,1.000000,L405S-132,2025-09-15,1.227938,1.666667,2.841662
matched_complete_conservation,upstream_plus_on,1.000000,L405S-132,2025-09-16,1.035944,3.166667,2.397356
matched_complete_conservation,upstream_plus_on,1.000000,L405S-132,2025-09-17,1.020699,3.416667,2.362076
matched_complete_conservation,upstream_plus_on,1.000000,L405S-132,2025-09-18,1.032722,2.416667,2.389899
matched_complete_conservation,upstream_plus_on,1.000000,L405S-132,2025-09-19,0.997645,2.000000,2.308725
matched_complete_conservation,upstream_plus_on,1.000000,L405S-132,2025-09-22,1.220005,2.083333,2.823304
matched_complete_conservation,upstream_plus_on,1.000000,L405S-132,2025-09-23,1.002603,3.250000,2.320198
matched_complete_conservation,upstream_plus_on,1.000000,L405S-132,2025-09-24,1.012395,3.083333,2.342858
matched_complete_conservation,upstream_plus_on,1.000000,L405S-132,2025-09-25,0.908156,3.083333,2.101631
matched_complete_conservation,upstream_plus_on_minus_off,1.000000,L405S-114,2025-09-05,0.962077,1.083333,2.514898
matched_complete_conservation,upstream_plus_on_minus_off,1.000000,L405S-114,2025-09-08,0.810872,2.666667,2.119643
matched_complete_conservation,upstream_plus_on_minus_off,1.000000,L405S-114,2025-09-09,0.856325,3.416667,2.238458
matched_complete_conservation,upstream_plus_on_minus_off,1.000000,L405S-114,2025-09-10,0.941321,3.500000,2.460640
matched_complete_conservation,upstream_plus_on_minus_off,1.000000,L405S-114,2025-09-11,0.961320,3.166667,2.512918
matched_complete_conservation,upstream_plus_on_minus_off,1.000000,L405S-114,2025-09-12,0.935867,1.083333,2.446382
matched_complete_conservation,upstream_plus_on_minus_off,1.000000,L405S-114,2025-09-15,0.953442,2.000000,2.492324
matched_complete_conservation,upstream_plus_on_minus_off,1.000000,L405S-114,2025-09-16,0.936321,3.333333,2.447570
matched_complete_conservation,upstream_plus_on_minus_off,1.000000,L405S-114,2025-09-17,0.878293,3.333333,2.295884
matched_complete_conservation,upstream_plus_on_minus_off,1.000000,L405S-114,2025-09-18,0.938745,3.000000,2.453907
matched_complete_conservation,upstream_plus_on_minus_off,1.000000,L405S-114,2025-09-19,0.936776,1.500000,2.448759
matched_complete_conservation,upstream_plus_on_minus_off,1.000000,L405S-114,2025-09-22,0.984804,2.000000,2.574305
matched_complete_conservation,upstream_plus_on_minus_off,1.000000,L405S-114,2025-09-23,0.918746,3.250000,2.401629
matched_complete_conservation,upstream_plus_on_minus_off,1.000000,L405S-114,2025-09-24,0.858597,3.250000,2.244398
matched_complete_conservation,upstream_plus_on_minus_off,1.000000,L405S-114,2025-09-25,0.744966,3.250000,1.947363
matched_complete_conservation,upstream_plus_on_minus_off,1.000000,L405S-132,2025-09-05,1.023054,1.083333,2.674293
matched_complete_conservation,upstream_plus_on_minus_off,1.000000,L405S-132,2025-09-08,1.159395,2.583333,3.030692
matched_complete_conservation,upstream_plus_on_minus_off,1.000000,L405S-132,2025-09-09,0.972484,3.000000,2.542101
matched_complete_conservation,upstream_plus_on_minus_off,1.000000,L405S-132,2025-09-10,1.028260,2.666667,2.687901
matched_complete_conservation,upstream_plus_on_minus_off,1.000000,L405S-132,2025-09-11,0.996282,2.916667,2.604309
matched_complete_conservation,upstream_plus_on_minus_off,1.000000,L405S-132,2025-09-12,1.005454,1.166667,2.628285
matched_complete_conservation,upstream_plus_on_minus_off,1.000000,L405S-132,2025-09-15,1.199926,1.666667,3.136640
matched_complete_conservation,upstream_plus_on_minus_off,1.000000,L405S-132,2025-09-16,1.008924,3.166667,2.637357
matched_complete_conservation,upstream_plus_on_minus_off,1.000000,L405S-132,2025-09-17,0.991696,3.416667,2.592321
matched_complete_conservation,upstream_plus_on_minus_off,1.000000,L405S-132,2025-09-18,1.004958,2.416667,2.626989
matched_complete_conservation,upstream_plus_on_minus_off,1.000000,L405S-132,2025-09-19,0.961453,2.000000,2.513265
matched_complete_conservation,upstream_plus_on_minus_off,1.000000,L405S-132,2025-09-22,1.187779,2.083333,3.104888
matched_complete_conservation,upstream_plus_on_minus_off,1.000000,L405S-132,2025-09-23,0.974591,3.250000,2.547609
matched_complete_conservation,upstream_plus_on_minus_off,1.000000,L405S-132,2025-09-24,0.984507,3.083333,2.573529
matched_complete_conservation,upstream_plus_on_minus_off,1.000000,L405S-132,2025-09-25,0.888324,3.083333,2.322105
matched_complete_conservation,original_link_throughput,1.050000,L405S-114,2025-09-05,0.953593,1.083333,2.758845
matched_complete_conservation,original_link_throughput,1.050000,L405S-114,2025-09-08,0.926928,2.750000,2.681701
matched_complete_conservation,original_link_throughput,1.050000,L405S-114,2025-09-09,0.859128,3.416667,2.485548
matched_complete_conservation,original_link_throughput,1.050000,L405S-114,2025-09-10,0.937836,3.500000,2.713259
matched_complete_conservation,original_link_throughput,1.050000,L405S-114,2025-09-11,0.903898,3.250000,2.615073
matched_complete_conservation,original_link_throughput,1.050000,L405S-114,2025-09-12,0.930109,1.083333,2.690904
matched_complete_conservation,original_link_throughput,1.050000,L405S-114,2025-09-15,0.977834,2.083333,2.828977
matched_complete_conservation,original_link_throughput,1.050000,L405S-114,2025-09-16,0.931170,3.333333,2.693973
matched_complete_conservation,original_link_throughput,1.050000,L405S-114,2025-09-17,0.825872,3.416667,2.389335
matched_complete_conservation,original_link_throughput,1.050000,L405S-114,2025-09-18,0.950033,3.000000,2.748546
matched_complete_conservation,original_link_throughput,1.050000,L405S-114,2025-09-19,0.929579,2.083333,2.689370
matched_complete_conservation,original_link_throughput,1.050000,L405S-114,2025-09-22,1.020484,2.000000,2.952368
matched_complete_conservation,original_link_throughput,1.050000,L405S-114,2025-09-23,0.914580,3.333333,2.645977
matched_complete_conservation,original_link_throughput,1.050000,L405S-114,2025-09-24,0.890717,3.250000,2.576939
matched_complete_conservation,original_link_throughput,1.050000,L405S-114,2025-09-25,0.754814,3.250000,2.183757
matched_complete_conservation,original_link_throughput,1.050000,L405S-132,2025-09-05,0.913527,1.250000,2.642930
matched_complete_conservation,original_link_throughput,1.050000,L405S-132,2025-09-08,0.883862,2.750000,2.557106
matched_complete_conservation,original_link_throughput,1.050000,L405S-132,2025-09-09,0.934267,3.083333,2.702933
matched_complete_conservation,original_link_throughput,1.050000,L405S-132,2025-09-10,0.980954,3.000000,2.838004
matched_complete_conservation,original_link_throughput,1.050000,L405S-132,2025-09-11,0.967361,3.083333,2.798678
matched_complete_conservation,original_link_throughput,1.050000,L405S-132,2025-09-12,0.905801,1.166667,2.620578
matched_complete_conservation,original_link_throughput,1.050000,L405S-132,2025-09-15,1.014295,2.000000,2.934463
matched_complete_conservation,original_link_throughput,1.050000,L405S-132,2025-09-16,0.881342,3.333333,2.549816
matched_complete_conservation,original_link_throughput,1.050000,L405S-132,2025-09-17,0.875764,3.416667,2.533678
matched_complete_conservation,original_link_throughput,1.050000,L405S-132,2025-09-18,0.977814,2.750000,2.828919
matched_complete_conservation,original_link_throughput,1.050000,L405S-132,2025-09-19,0.976987,2.166667,2.826527
matched_complete_conservation,original_link_throughput,1.050000,L405S-132,2025-09-22,1.000165,2.166667,2.893583
matched_complete_conservation,original_link_throughput,1.050000,L405S-132,2025-09-23,0.879855,3.333333,2.545514
matched_complete_conservation,original_link_throughput,1.050000,L405S-132,2025-09-24,0.854363,3.166667,2.471763
matched_complete_conservation,original_link_throughput,1.050000,L405S-132,2025-09-25,0.754793,3.166667,2.183696
matched_complete_conservation,upstream_mainline,1.050000,L405S-114,2025-09-05,1.072527,1.083333,2.801926
matched_complete_conservation,upstream_mainline,1.050000,L405S-114,2025-09-08,0.971319,2.750000,2.537526
matched_complete_conservation,upstream_mainline,1.050000,L405S-114,2025-09-09,0.979349,3.416667,2.558504
matched_complete_conservation,upstream_mainline,1.050000,L405S-114,2025-09-10,1.077375,3.500000,2.814592
matched_complete_conservation,upstream_mainline,1.050000,L405S-114,2025-09-11,1.055407,3.250000,2.757200
matched_complete_conservation,upstream_mainline,1.050000,L405S-114,2025-09-12,1.057831,1.083333,2.763532
matched_complete_conservation,upstream_mainline,1.050000,L405S-114,2025-09-15,1.076618,2.083333,2.812613
matched_complete_conservation,upstream_mainline,1.050000,L405S-114,2025-09-16,1.062982,3.333333,2.776990
matched_complete_conservation,upstream_mainline,1.050000,L405S-114,2025-09-17,1.000258,3.416667,2.613125
matched_complete_conservation,upstream_mainline,1.050000,L405S-114,2025-09-18,1.063285,3.000000,2.777782
matched_complete_conservation,upstream_mainline,1.050000,L405S-114,2025-09-19,1.054346,2.083333,2.754429
matched_complete_conservation,upstream_mainline,1.050000,L405S-114,2025-09-22,1.100556,2.000000,2.875150
matched_complete_conservation,upstream_mainline,1.050000,L405S-114,2025-09-23,1.040710,3.333333,2.718806
matched_complete_conservation,upstream_mainline,1.050000,L405S-114,2025-09-24,0.974501,3.250000,2.545838
matched_complete_conservation,upstream_mainline,1.050000,L405S-114,2025-09-25,0.879657,3.250000,2.298062
matched_complete_conservation,upstream_mainline,1.050000,L405S-132,2025-09-05,1.003099,1.250000,2.620548
matched_complete_conservation,upstream_mainline,1.050000,L405S-132,2025-09-08,1.140183,2.750000,2.978675
matched_complete_conservation,upstream_mainline,1.050000,L405S-132,2025-09-09,0.936415,3.083333,2.446341
matched_complete_conservation,upstream_mainline,1.050000,L405S-132,2025-09-10,0.999504,3.000000,2.611157
matched_complete_conservation,upstream_mainline,1.050000,L405S-132,2025-09-11,0.969261,3.083333,2.532149
matched_complete_conservation,upstream_mainline,1.050000,L405S-132,2025-09-12,0.987234,1.166667,2.579101
matched_complete_conservation,upstream_mainline,1.050000,L405S-132,2025-09-15,1.172533,2.000000,3.063188
matched_complete_conservation,upstream_mainline,1.050000,L405S-132,2025-09-16,0.983019,3.333333,2.568091
matched_complete_conservation,upstream_mainline,1.050000,L405S-132,2025-09-17,0.967526,3.416667,2.527616
matched_complete_conservation,upstream_mainline,1.050000,L405S-132,2025-09-18,0.977814,2.750000,2.554492
matched_complete_conservation,upstream_mainline,1.050000,L405S-132,2025-09-19,0.950174,2.166667,2.482283
matched_complete_conservation,upstream_mainline,1.050000,L405S-132,2025-09-22,1.168319,2.166667,3.052179
matched_complete_conservation,upstream_mainline,1.050000,L405S-132,2025-09-23,0.950421,3.333333,2.482931
matched_complete_conservation,upstream_mainline,1.050000,L405S-132,2025-09-24,0.954016,3.166667,2.492321
matched_complete_conservation,upstream_mainline,1.050000,L405S-132,2025-09-25,0.842960,3.166667,2.202193
matched_complete_conservation,upstream_plus_on,1.050000,L405S-114,2025-09-05,1.187673,1.083333,2.864609
matched_complete_conservation,upstream_plus_on,1.050000,L405S-114,2025-09-08,1.086769,2.750000,2.621233
matched_complete_conservation,upstream_plus_on,1.050000,L405S-114,2025-09-09,1.100859,3.416667,2.655218
matched_complete_conservation,upstream_plus_on,1.050000,L405S-114,2025-09-10,1.200855,3.500000,2.896402
matched_complete_conservation,upstream_plus_on,1.050000,L405S-114,2025-09-11,1.169795,3.250000,2.821489
matched_complete_conservation,upstream_plus_on,1.050000,L405S-114,2025-09-12,1.174189,1.083333,2.832086
matched_complete_conservation,upstream_plus_on,1.050000,L405S-114,2025-09-15,1.192219,2.083333,2.875572
matched_complete_conservation,upstream_plus_on,1.050000,L405S-114,2025-09-16,1.180249,3.333333,2.846703
matched_complete_conservation,upstream_plus_on,1.050000,L405S-114,2025-09-17,1.117222,3.416667,2.694684
matched_complete_conservation,upstream_plus_on,1.050000,L405S-114,2025-09-18,1.182674,3.000000,2.852550
matched_complete_conservation,upstream_plus_on,1.050000,L405S-114,2025-09-19,1.164796,2.083333,2.809429
matched_complete_conservation,upstream_plus_on,1.050000,L405S-114,2025-09-22,1.213278,2.000000,2.926367
matched_complete_conservation,upstream_plus_on,1.050000,L405S-114,2025-09-23,1.152523,3.333333,2.779830
matched_complete_conservation,upstream_plus_on,1.050000,L405S-114,2025-09-24,1.094950,3.250000,2.640966
matched_complete_conservation,upstream_plus_on,1.050000,L405S-114,2025-09-25,0.967077,3.250000,2.332543
matched_complete_conservation,upstream_plus_on,1.050000,L405S-132,2025-09-05,1.059990,1.250000,2.556644
matched_complete_conservation,upstream_plus_on,1.050000,L405S-132,2025-09-08,1.188275,2.750000,2.866060
matched_complete_conservation,upstream_plus_on,1.050000,L405S-132,2025-09-09,0.997397,3.083333,2.405673
matched_complete_conservation,upstream_plus_on,1.050000,L405S-132,2025-09-10,1.055652,3.000000,2.546180
matched_complete_conservation,upstream_plus_on,1.050000,L405S-132,2025-09-11,1.024170,3.083333,2.470246
matched_complete_conservation,upstream_plus_on,1.050000,L405S-132,2025-09-12,1.042885,1.166667,2.515388
matched_complete_conservation,upstream_plus_on,1.050000,L405S-132,2025-09-15,1.227938,2.000000,2.961725
matched_complete_conservation,upstream_plus_on,1.050000,L405S-132,2025-09-16,1.035944,3.333333,2.498647
matched_complete_conservation,upstream_plus_on,1.050000,L405S-132,2025-09-17,1.020699,3.416667,2.461876
matched_complete_conservation,upstream_plus_on,1.050000,L405S-132,2025-09-18,1.032722,2.750000,2.490874
matched_complete_conservation,upstream_plus_on,1.050000,L405S-132,2025-09-19,0.997645,2.166667,2.406271
matched_complete_conservation,upstream_plus_on,1.050000,L405S-132,2025-09-22,1.220005,2.166667,2.942592
matched_complete_conservation,upstream_plus_on,1.050000,L405S-132,2025-09-23,1.002603,3.333333,2.418229
matched_complete_conservation,upstream_plus_on,1.050000,L405S-132,2025-09-24,1.012395,3.166667,2.441846
matched_complete_conservation,upstream_plus_on,1.050000,L405S-132,2025-09-25,0.908156,3.166667,2.190427
matched_complete_conservation,upstream_plus_on_minus_off,1.050000,L405S-114,2025-09-05,0.962077,1.083333,2.626222
matched_complete_conservation,upstream_plus_on_minus_off,1.050000,L405S-114,2025-09-08,0.810872,2.750000,2.213471
matched_complete_conservation,upstream_plus_on_minus_off,1.050000,L405S-114,2025-09-09,0.856325,3.416667,2.337544
matched_complete_conservation,upstream_plus_on_minus_off,1.050000,L405S-114,2025-09-10,0.941321,3.500000,2.569562
matched_complete_conservation,upstream_plus_on_minus_off,1.050000,L405S-114,2025-09-11,0.961320,3.250000,2.624154
matched_complete_conservation,upstream_plus_on_minus_off,1.050000,L405S-114,2025-09-12,0.935867,1.083333,2.554673
matched_complete_conservation,upstream_plus_on_minus_off,1.050000,L405S-114,2025-09-15,0.953442,2.083333,2.602648
matched_complete_conservation,upstream_plus_on_minus_off,1.050000,L405S-114,2025-09-16,0.936321,3.333333,2.555914
matched_complete_conservation,upstream_plus_on_minus_off,1.050000,L405S-114,2025-09-17,0.878293,3.416667,2.397513
matched_complete_conservation,upstream_plus_on_minus_off,1.050000,L405S-114,2025-09-18,0.938745,3.000000,2.562531
matched_complete_conservation,upstream_plus_on_minus_off,1.050000,L405S-114,2025-09-19,0.936776,2.083333,2.557154
matched_complete_conservation,upstream_plus_on_minus_off,1.050000,L405S-114,2025-09-22,0.984804,2.000000,2.688259
matched_complete_conservation,upstream_plus_on_minus_off,1.050000,L405S-114,2025-09-23,0.918746,3.333333,2.507939
matched_complete_conservation,upstream_plus_on_minus_off,1.050000,L405S-114,2025-09-24,0.858597,3.250000,2.343748
matched_complete_conservation,upstream_plus_on_minus_off,1.050000,L405S-114,2025-09-25,0.744966,3.250000,2.033564
matched_complete_conservation,upstream_plus_on_minus_off,1.050000,L405S-132,2025-09-05,1.023054,1.250000,2.792672
matched_complete_conservation,upstream_plus_on_minus_off,1.050000,L405S-132,2025-09-08,1.159395,2.750000,3.164848
matched_complete_conservation,upstream_plus_on_minus_off,1.050000,L405S-132,2025-09-09,0.972484,3.083333,2.654629
matched_complete_conservation,upstream_plus_on_minus_off,1.050000,L405S-132,2025-09-10,1.028260,3.000000,2.806883
matched_complete_conservation,upstream_plus_on_minus_off,1.050000,L405S-132,2025-09-11,0.996282,3.083333,2.719590
matched_complete_conservation,upstream_plus_on_minus_off,1.050000,L405S-132,2025-09-12,1.005454,1.166667,2.744628
matched_complete_conservation,upstream_plus_on_minus_off,1.050000,L405S-132,2025-09-15,1.199926,2.000000,3.275486
matched_complete_conservation,upstream_plus_on_minus_off,1.050000,L405S-132,2025-09-16,1.008924,3.333333,2.754101
matched_complete_conservation,upstream_plus_on_minus_off,1.050000,L405S-132,2025-09-17,0.991696,3.416667,2.707072
matched_complete_conservation,upstream_plus_on_minus_off,1.050000,L405S-132,2025-09-18,1.004958,2.750000,2.743274
matched_complete_conservation,upstream_plus_on_minus_off,1.050000,L405S-132,2025-09-19,0.961453,2.166667,2.624516
matched_complete_conservation,upstream_plus_on_minus_off,1.050000,L405S-132,2025-09-22,1.187779,2.166667,3.242328
matched_complete_conservation,upstream_plus_on_minus_off,1.050000,L405S-132,2025-09-23,0.974591,3.333333,2.660381
matched_complete_conservation,upstream_plus_on_minus_off,1.050000,L405S-132,2025-09-24,0.984507,3.166667,2.687448
matched_complete_conservation,upstream_plus_on_minus_off,1.050000,L405S-132,2025-09-25,0.888324,3.166667,2.424895
matched_complete_conservation,original_link_throughput,1.100000,L405S-114,2025-09-05,0.953593,1.166667,2.847502
matched_complete_conservation,original_link_throughput,1.100000,L405S-114,2025-09-08,0.926928,2.833333,2.767879
matched_complete_conservation,original_link_throughput,1.100000,L405S-114,2025-09-09,0.859128,3.416667,2.565423
matched_complete_conservation,original_link_throughput,1.100000,L405S-114,2025-09-10,0.937836,3.583333,2.800451
matched_complete_conservation,original_link_throughput,1.100000,L405S-114,2025-09-11,0.903898,3.250000,2.699109
matched_complete_conservation,original_link_throughput,1.100000,L405S-114,2025-09-12,0.930109,1.166667,2.777377
matched_complete_conservation,original_link_throughput,1.100000,L405S-114,2025-09-15,0.977834,2.166667,2.919888
matched_complete_conservation,original_link_throughput,1.100000,L405S-114,2025-09-16,0.931170,3.333333,2.780546
matched_complete_conservation,original_link_throughput,1.100000,L405S-114,2025-09-17,0.825872,3.416667,2.466118
matched_complete_conservation,original_link_throughput,1.100000,L405S-114,2025-09-18,0.950033,3.000000,2.836872
matched_complete_conservation,original_link_throughput,1.100000,L405S-114,2025-09-19,0.929579,2.166667,2.775795
matched_complete_conservation,original_link_throughput,1.100000,L405S-114,2025-09-22,1.020484,2.083333,3.047244
matched_complete_conservation,original_link_throughput,1.100000,L405S-114,2025-09-23,0.914580,3.333333,2.731007
matched_complete_conservation,original_link_throughput,1.100000,L405S-114,2025-09-24,0.890717,3.250000,2.659750
matched_complete_conservation,original_link_throughput,1.100000,L405S-114,2025-09-25,0.754814,3.250000,2.253933
matched_complete_conservation,original_link_throughput,1.100000,L405S-132,2025-09-05,0.913527,1.250000,2.727862
matched_complete_conservation,original_link_throughput,1.100000,L405S-132,2025-09-08,0.883862,2.833333,2.639280
matched_complete_conservation,original_link_throughput,1.100000,L405S-132,2025-09-09,0.934267,3.500000,2.789794
matched_complete_conservation,original_link_throughput,1.100000,L405S-132,2025-09-10,0.980954,3.083333,2.929205
matched_complete_conservation,original_link_throughput,1.100000,L405S-132,2025-09-11,0.967361,3.250000,2.888615
matched_complete_conservation,original_link_throughput,1.100000,L405S-132,2025-09-12,0.905801,1.333333,2.704792
matched_complete_conservation,original_link_throughput,1.100000,L405S-132,2025-09-15,1.014295,2.250000,3.028763
matched_complete_conservation,original_link_throughput,1.100000,L405S-132,2025-09-16,0.881342,3.333333,2.631755
matched_complete_conservation,original_link_throughput,1.100000,L405S-132,2025-09-17,0.875764,3.500000,2.615099
matched_complete_conservation,original_link_throughput,1.100000,L405S-132,2025-09-18,0.977814,3.000000,2.919828
matched_complete_conservation,original_link_throughput,1.100000,L405S-132,2025-09-19,0.976987,2.250000,2.917359
matched_complete_conservation,original_link_throughput,1.100000,L405S-132,2025-09-22,1.000165,2.250000,2.986570
matched_complete_conservation,original_link_throughput,1.100000,L405S-132,2025-09-23,0.879855,3.416667,2.627315
matched_complete_conservation,original_link_throughput,1.100000,L405S-132,2025-09-24,0.854363,3.250000,2.551194
matched_complete_conservation,original_link_throughput,1.100000,L405S-132,2025-09-25,0.754793,3.250000,2.253870
matched_complete_conservation,upstream_mainline,1.100000,L405S-114,2025-09-05,1.072527,1.166667,2.889328
matched_complete_conservation,upstream_mainline,1.100000,L405S-114,2025-09-08,0.971319,2.833333,2.616680
matched_complete_conservation,upstream_mainline,1.100000,L405S-114,2025-09-09,0.979349,3.416667,2.638313
matched_complete_conservation,upstream_mainline,1.100000,L405S-114,2025-09-10,1.077375,3.583333,2.902389
matched_complete_conservation,upstream_mainline,1.100000,L405S-114,2025-09-11,1.055407,3.250000,2.843206
matched_complete_conservation,upstream_mainline,1.100000,L405S-114,2025-09-12,1.057831,1.166667,2.849737
matched_complete_conservation,upstream_mainline,1.100000,L405S-114,2025-09-15,1.076618,2.166667,2.900348
matched_complete_conservation,upstream_mainline,1.100000,L405S-114,2025-09-16,1.062982,3.333333,2.863614
matched_complete_conservation,upstream_mainline,1.100000,L405S-114,2025-09-17,1.000258,3.416667,2.694638
matched_complete_conservation,upstream_mainline,1.100000,L405S-114,2025-09-18,1.063285,3.000000,2.864430
matched_complete_conservation,upstream_mainline,1.100000,L405S-114,2025-09-19,1.054346,2.166667,2.840349
matched_complete_conservation,upstream_mainline,1.100000,L405S-114,2025-09-22,1.100556,2.083333,2.964837
matched_complete_conservation,upstream_mainline,1.100000,L405S-114,2025-09-23,1.040710,3.333333,2.803615
matched_complete_conservation,upstream_mainline,1.100000,L405S-114,2025-09-24,0.974501,3.250000,2.625252
matched_complete_conservation,upstream_mainline,1.100000,L405S-114,2025-09-25,0.879657,3.250000,2.369747
matched_complete_conservation,upstream_mainline,1.100000,L405S-132,2025-09-05,1.003099,1.250000,2.702292
matched_complete_conservation,upstream_mainline,1.100000,L405S-132,2025-09-08,1.140183,2.833333,3.071591
matched_complete_conservation,upstream_mainline,1.100000,L405S-132,2025-09-09,0.936415,3.500000,2.522651
matched_complete_conservation,upstream_mainline,1.100000,L405S-132,2025-09-10,0.999504,3.083333,2.692609
matched_complete_conservation,upstream_mainline,1.100000,L405S-132,2025-09-11,0.969261,3.250000,2.611136
matched_complete_conservation,upstream_mainline,1.100000,L405S-132,2025-09-12,0.987234,1.333333,2.659552
matched_complete_conservation,upstream_mainline,1.100000,L405S-132,2025-09-15,1.172533,2.250000,3.158740
matched_complete_conservation,upstream_mainline,1.100000,L405S-132,2025-09-16,0.983019,3.333333,2.648199
matched_complete_conservation,upstream_mainline,1.100000,L405S-132,2025-09-17,0.967526,3.500000,2.606461
matched_complete_conservation,upstream_mainline,1.100000,L405S-132,2025-09-18,0.977814,3.000000,2.634175
matched_complete_conservation,upstream_mainline,1.100000,L405S-132,2025-09-19,0.950174,2.250000,2.559714
matched_complete_conservation,upstream_mainline,1.100000,L405S-132,2025-09-22,1.168319,2.250000,3.147387
matched_complete_conservation,upstream_mainline,1.100000,L405S-132,2025-09-23,0.950421,3.416667,2.560382
matched_complete_conservation,upstream_mainline,1.100000,L405S-132,2025-09-24,0.954016,3.250000,2.570065
matched_complete_conservation,upstream_mainline,1.100000,L405S-132,2025-09-25,0.842960,3.250000,2.270887
matched_complete_conservation,upstream_plus_on,1.100000,L405S-114,2025-09-05,1.187673,1.166667,2.952681
matched_complete_conservation,upstream_plus_on,1.100000,L405S-114,2025-09-08,1.086769,2.833333,2.701822
matched_complete_conservation,upstream_plus_on,1.100000,L405S-114,2025-09-09,1.100859,3.416667,2.736852
matched_complete_conservation,upstream_plus_on,1.100000,L405S-114,2025-09-10,1.200855,3.583333,2.985451
matched_complete_conservation,upstream_plus_on,1.100000,L405S-114,2025-09-11,1.169795,3.250000,2.908234
matched_complete_conservation,upstream_plus_on,1.100000,L405S-114,2025-09-12,1.174189,1.166667,2.919158
matched_complete_conservation,upstream_plus_on,1.100000,L405S-114,2025-09-15,1.192219,2.166667,2.963981
matched_complete_conservation,upstream_plus_on,1.100000,L405S-114,2025-09-16,1.180249,3.333333,2.934224
matched_complete_conservation,upstream_plus_on,1.100000,L405S-114,2025-09-17,1.117222,3.416667,2.777532
matched_complete_conservation,upstream_plus_on,1.100000,L405S-114,2025-09-18,1.182674,3.000000,2.940251
matched_complete_conservation,upstream_plus_on,1.100000,L405S-114,2025-09-19,1.164796,2.166667,2.895804
matched_complete_conservation,upstream_plus_on,1.100000,L405S-114,2025-09-22,1.213278,2.083333,3.016337
matched_complete_conservation,upstream_plus_on,1.100000,L405S-114,2025-09-23,1.152523,3.333333,2.865295
matched_complete_conservation,upstream_plus_on,1.100000,L405S-114,2025-09-24,1.094950,3.250000,2.722162
matched_complete_conservation,upstream_plus_on,1.100000,L405S-114,2025-09-25,0.967077,3.250000,2.404256
matched_complete_conservation,upstream_plus_on,1.100000,L405S-132,2025-09-05,1.059990,1.250000,2.635247
matched_complete_conservation,upstream_plus_on,1.100000,L405S-132,2025-09-08,1.188275,2.833333,2.954176
matched_complete_conservation,upstream_plus_on,1.100000,L405S-132,2025-09-09,0.997397,3.500000,2.479634
matched_complete_conservation,upstream_plus_on,1.100000,L405S-132,2025-09-10,1.055652,3.083333,2.624462
matched_complete_conservation,upstream_plus_on,1.100000,L405S-132,2025-09-11,1.024170,3.250000,2.546193
matched_complete_conservation,upstream_plus_on,1.100000,L405S-132,2025-09-12,1.042885,1.333333,2.592723
matched_complete_conservation,upstream_plus_on,1.100000,L405S-132,2025-09-15,1.227938,2.250000,3.052782
matched_complete_conservation,upstream_plus_on,1.100000,L405S-132,2025-09-16,1.035944,3.333333,2.575467
matched_complete_conservation,upstream_plus_on,1.100000,L405S-132,2025-09-17,1.020699,3.500000,2.537565
matched_complete_conservation,upstream_plus_on,1.100000,L405S-132,2025-09-18,1.032722,3.000000,2.567455
matched_complete_conservation,upstream_plus_on,1.100000,L405S-132,2025-09-19,0.997645,2.250000,2.480251
matched_complete_conservation,upstream_plus_on,1.100000,L405S-132,2025-09-22,1.220005,2.250000,3.033061
matched_complete_conservation,upstream_plus_on,1.100000,L405S-132,2025-09-23,1.002603,3.416667,2.492576
matched_complete_conservation,upstream_plus_on,1.100000,L405S-132,2025-09-24,1.012395,3.250000,2.516920
matched_complete_conservation,upstream_plus_on,1.100000,L405S-132,2025-09-25,0.908156,3.250000,2.257771
matched_complete_conservation,upstream_plus_on_minus_off,1.100000,L405S-114,2025-09-05,0.962077,1.166667,2.711676
matched_complete_conservation,upstream_plus_on_minus_off,1.100000,L405S-114,2025-09-08,0.810872,2.833333,2.285495
matched_complete_conservation,upstream_plus_on_minus_off,1.100000,L405S-114,2025-09-09,0.856325,3.416667,2.413605
matched_complete_conservation,upstream_plus_on_minus_off,1.100000,L405S-114,2025-09-10,0.941321,3.583333,2.653172
matched_complete_conservation,upstream_plus_on_minus_off,1.100000,L405S-114,2025-09-11,0.961320,3.250000,2.709541
matched_complete_conservation,upstream_plus_on_minus_off,1.100000,L405S-114,2025-09-12,0.935867,1.166667,2.637799
matched_complete_conservation,upstream_plus_on_minus_off,1.100000,L405S-114,2025-09-15,0.953442,2.166667,2.687335
matched_complete_conservation,upstream_plus_on_minus_off,1.100000,L405S-114,2025-09-16,0.936321,3.333333,2.639080
matched_complete_conservation,upstream_plus_on_minus_off,1.100000,L405S-114,2025-09-17,0.878293,3.416667,2.475526
matched_complete_conservation,upstream_plus_on_minus_off,1.100000,L405S-114,2025-09-18,0.938745,3.000000,2.645913
matched_complete_conservation,upstream_plus_on_minus_off,1.100000,L405S-114,2025-09-19,0.936776,2.166667,2.640361
matched_complete_conservation,upstream_plus_on_minus_off,1.100000,L405S-114,2025-09-22,0.984804,2.083333,2.775732
matched_complete_conservation,upstream_plus_on_minus_off,1.100000,L405S-114,2025-09-23,0.918746,3.333333,2.589544
matched_complete_conservation,upstream_plus_on_minus_off,1.100000,L405S-114,2025-09-24,0.858597,3.250000,2.420011
matched_complete_conservation,upstream_plus_on_minus_off,1.100000,L405S-114,2025-09-25,0.744966,3.250000,2.099734
matched_complete_conservation,upstream_plus_on_minus_off,1.100000,L405S-132,2025-09-05,1.023054,1.250000,2.883543
matched_complete_conservation,upstream_plus_on_minus_off,1.100000,L405S-132,2025-09-08,1.159395,2.833333,3.267829
matched_complete_conservation,upstream_plus_on_minus_off,1.100000,L405S-132,2025-09-09,0.972484,3.500000,2.741007
matched_complete_conservation,upstream_plus_on_minus_off,1.100000,L405S-132,2025-09-10,1.028260,3.083333,2.898215
matched_complete_conservation,upstream_plus_on_minus_off,1.100000,L405S-132,2025-09-11,0.996282,3.250000,2.808083
matched_complete_conservation,upstream_plus_on_minus_off,1.100000,L405S-132,2025-09-12,1.005454,1.333333,2.833935
matched_complete_conservation,upstream_plus_on_minus_off,1.100000,L405S-132,2025-09-15,1.199926,2.250000,3.382066
matched_complete_conservation,upstream_plus_on_minus_off,1.100000,L405S-132,2025-09-16,1.008924,3.333333,2.843717
matched_complete_conservation,upstream_plus_on_minus_off,1.100000,L405S-132,2025-09-17,0.991696,3.500000,2.795157
matched_complete_conservation,upstream_plus_on_minus_off,1.100000,L405S-132,2025-09-18,1.004958,3.000000,2.832537
matched_complete_conservation,upstream_plus_on_minus_off,1.100000,L405S-132,2025-09-19,0.961453,2.250000,2.709915
matched_complete_conservation,upstream_plus_on_minus_off,1.100000,L405S-132,2025-09-22,1.187779,2.250000,3.347830
matched_complete_conservation,upstream_plus_on_minus_off,1.100000,L405S-132,2025-09-23,0.974591,3.416667,2.746946
matched_complete_conservation,upstream_plus_on_minus_off,1.100000,L405S-132,2025-09-24,0.984507,3.250000,2.774894
matched_complete_conservation,upstream_plus_on_minus_off,1.100000,L405S-132,2025-09-25,0.888324,3.250000,2.503798
