segment_id,segment_index,date_local,threshold_multiplier,threshold_speed_kmh,episode_identified,duration_bins,duration_h,episode_start_local,episode_end_local
I5N-S68,68,2025-07-07,0.9,64.206,True,20,1.6666666666666665,2025-07-07T16:20:00,2025-07-07T18:00:00
I5N-S68,68,2025-07-08,0.9,64.206,True,45,3.75,2025-07-08T15:00:00,2025-07-08T18:45:00
I5N-S68,68,2025-07-09,0.9,64.206,True,31,2.583333333333333,2025-07-09T16:15:00,2025-07-09T18:50:00
I5N-S68,68,2025-07-10,0.9,64.206,True,29,2.4166666666666665,2025-07-10T15:50:00,2025-07-10T18:15:00
I5N-S68,68,2025-07-11,0.9,64.206,True,25,2.083333333333333,2025-07-11T15:25:00,2025-07-11T17:30:00
I5N-S68,68,2025-07-14,0.9,64.206,True,27,2.25,2025-07-14T16:25:00,2025-07-14T18:40:00
I5N-S68,68,2025-07-15,0.9,64.206,True,45,3.75,2025-07-15T15:15:00,2025-07-15T19:00:00
I5N-S68,68,2025-07-16,0.9,64.206,True,45,3.75,2025-07-16T15:15:00,2025-07-16T19:00:00
I5N-S68,68,2025-07-17,0.9,64.206,True,35,2.9166666666666665,2025-07-17T16:05:00,2025-07-17T19:00:00
I5N-S68,68,2025-07-18,0.9,64.206,True,35,2.9166666666666665,2025-07-18T15:40:00,2025-07-18T18:35:00
I5N-S68,68,2025-07-21,0.9,64.206,True,25,2.083333333333333,2025-07-21T16:25:00,2025-07-21T18:30:00
I5N-S68,68,2025-07-22,0.9,64.206,True,41,3.4166666666666665,2025-07-22T15:25:00,2025-07-22T18:50:00
I5N-S68,68,2025-07-23,0.9,64.206,True,42,3.5,2025-07-23T15:20:00,2025-07-23T18:50:00
I5N-S68,68,2025-07-24,0.9,64.206,True,36,3.0,2025-07-24T15:45:00,2025-07-24T18:45:00
I5N-S68,68,2025-07-25,0.9,64.206,True,28,2.333333333333333,2025-07-25T15:45:00,2025-07-25T18:05:00
I5N-S69,69,2025-07-07,0.9,64.584,True,14,1.1666666666666665,2025-07-07T16:45:00,2025-07-07T17:55:00
I5N-S69,69,2025-07-08,0.9,64.584,True,45,3.75,2025-07-08T15:00:00,2025-07-08T18:45:00
I5N-S69,69,2025-07-09,0.9,64.584,True,30,2.5,2025-07-09T16:15:00,2025-07-09T18:45:00
I5N-S69,69,2025-07-10,0.9,64.584,True,28,2.333333333333333,2025-07-10T15:55:00,2025-07-10T18:15:00
I5N-S69,69,2025-07-11,0.9,64.584,True,24,2.0,2025-07-11T15:30:00,2025-07-11T17:30:00
I5N-S69,69,2025-07-14,0.9,64.584,True,27,2.25,2025-07-14T16:25:00,2025-07-14T18:40:00
I5N-S69,69,2025-07-15,0.9,64.584,True,45,3.75,2025-07-15T15:15:00,2025-07-15T19:00:00
I5N-S69,69,2025-07-16,0.9,64.584,True,44,3.6666666666666665,2025-07-16T15:20:00,2025-07-16T19:00:00
I5N-S69,69,2025-07-17,0.9,64.584,True,35,2.9166666666666665,2025-07-17T16:05:00,2025-07-17T19:00:00
I5N-S69,69,2025-07-18,0.9,64.584,True,35,2.9166666666666665,2025-07-18T15:40:00,2025-07-18T18:35:00
I5N-S69,69,2025-07-21,0.9,64.584,True,25,2.083333333333333,2025-07-21T16:25:00,2025-07-21T18:30:00
I5N-S69,69,2025-07-22,0.9,64.584,True,40,3.333333333333333,2025-07-22T15:30:00,2025-07-22T18:50:00
I5N-S69,69,2025-07-23,0.9,64.584,True,38,3.1666666666666665,2025-07-23T15:20:00,2025-07-23T18:30:00
I5N-S69,69,2025-07-24,0.9,64.584,True,36,3.0,2025-07-24T15:45:00,2025-07-24T18:45:00
I5N-S69,69,2025-07-25,0.9,64.584,True,27,2.25,2025-07-25T15:50:00,2025-07-25T18:05:00
I5N-S70,70,2025-07-07,0.9,64.206,True,26,2.1666666666666665,2025-07-07T15:55:00,2025-07-07T18:05:00
I5N-S70,70,2025-07-08,0.9,64.206,True,44,3.6666666666666665,2025-07-08T15:00:00,2025-07-08T18:40:00
I5N-S70,70,2025-07-09,0.9,64.206,True,36,3.0,2025-07-09T15:25:00,2025-07-09T18:25:00
I5N-S70,70,2025-07-10,0.9,64.206,True,34,2.833333333333333,2025-07-10T15:35:00,2025-07-10T18:25:00
I5N-S70,70,2025-07-11,0.9,64.206,True,42,3.5,2025-07-11T15:00:00,2025-07-11T18:30:00
I5N-S70,70,2025-07-14,0.9,64.206,True,32,2.6666666666666665,2025-07-14T16:20:00,2025-07-14T19:00:00
I5N-S70,70,2025-07-15,0.9,64.206,True,41,3.4166666666666665,2025-07-15T15:00:00,2025-07-15T18:25:00
I5N-S70,70,2025-07-16,0.9,64.206,True,48,4.0,2025-07-16T15:00:00,2025-07-16T19:00:00
I5N-S70,70,2025-07-17,0.9,64.206,True,39,3.25,2025-07-17T15:45:00,2025-07-17T19:00:00
I5N-S70,70,2025-07-18,0.9,64.206,True,31,2.583333333333333,2025-07-18T15:00:00,2025-07-18T17:35:00
I5N-S70,70,2025-07-21,0.9,64.206,True,32,2.6666666666666665,2025-07-21T15:55:00,2025-07-21T18:35:00
I5N-S70,70,2025-07-22,0.9,64.206,True,42,3.5,2025-07-22T15:25:00,2025-07-22T18:55:00
I5N-S70,70,2025-07-23,0.9,64.206,True,46,3.833333333333333,2025-07-23T15:10:00,2025-07-23T19:00:00
I5N-S70,70,2025-07-24,0.9,64.206,True,42,3.5,2025-07-24T15:30:00,2025-07-24T19:00:00
I5N-S70,70,2025-07-25,0.9,64.206,True,38,3.1666666666666665,2025-07-25T15:00:00,2025-07-25T18:10:00
I5N-S68,68,2025-07-07,0.95,67.773,True,20,1.6666666666666665,2025-07-07T16:20:00,2025-07-07T18:00:00
I5N-S68,68,2025-07-08,0.95,67.773,True,45,3.75,2025-07-08T15:00:00,2025-07-08T18:45:00
I5N-S68,68,2025-07-09,0.95,67.773,True,32,2.6666666666666665,2025-07-09T16:10:00,2025-07-09T18:50:00
I5N-S68,68,2025-07-10,0.95,67.773,True,29,2.4166666666666665,2025-07-10T15:50:00,2025-07-10T18:15:00
I5N-S68,68,2025-07-11,0.95,67.773,True,36,3.0,2025-07-11T15:25:00,2025-07-11T18:25:00
I5N-S68,68,2025-07-14,0.95,67.773,True,27,2.25,2025-07-14T16:25:00,2025-07-14T18:40:00
I5N-S68,68,2025-07-15,0.95,67.773,True,45,3.75,2025-07-15T15:15:00,2025-07-15T19:00:00
I5N-S68,68,2025-07-16,0.95,67.773,True,45,3.75,2025-07-16T15:15:00,2025-07-16T19:00:00
I5N-S68,68,2025-07-17,0.95,67.773,True,36,3.0,2025-07-17T16:00:00,2025-07-17T19:00:00
I5N-S68,68,2025-07-18,0.95,67.773,True,37,3.083333333333333,2025-07-18T15:30:00,2025-07-18T18:35:00
I5N-S68,68,2025-07-21,0.95,67.773,True,27,2.25,2025-07-21T16:20:00,2025-07-21T18:35:00
I5N-S68,68,2025-07-22,0.95,67.773,True,41,3.4166666666666665,2025-07-22T15:25:00,2025-07-22T18:50:00
I5N-S68,68,2025-07-23,0.95,67.773,True,43,3.583333333333333,2025-07-23T15:20:00,2025-07-23T18:55:00
I5N-S68,68,2025-07-24,0.95,67.773,True,39,3.25,2025-07-24T15:40:00,2025-07-24T18:55:00
I5N-S68,68,2025-07-25,0.95,67.773,True,28,2.333333333333333,2025-07-25T15:45:00,2025-07-25T18:05:00
I5N-S69,69,2025-07-07,0.95,68.172,True,20,1.6666666666666665,2025-07-07T16:20:00,2025-07-07T18:00:00
I5N-S69,69,2025-07-08,0.95,68.172,True,45,3.75,2025-07-08T15:00:00,2025-07-08T18:45:00
I5N-S69,69,2025-07-09,0.95,68.172,True,30,2.5,2025-07-09T16:15:00,2025-07-09T18:45:00
I5N-S69,69,2025-07-10,0.95,68.172,True,29,2.4166666666666665,2025-07-10T15:50:00,2025-07-10T18:15:00
I5N-S69,69,2025-07-11,0.95,68.172,True,25,2.083333333333333,2025-07-11T15:25:00,2025-07-11T17:30:00
I5N-S69,69,2025-07-14,0.95,68.172,True,27,2.25,2025-07-14T16:25:00,2025-07-14T18:40:00
I5N-S69,69,2025-07-15,0.95,68.172,True,45,3.75,2025-07-15T15:15:00,2025-07-15T19:00:00
I5N-S69,69,2025-07-16,0.95,68.172,True,45,3.75,2025-07-16T15:15:00,2025-07-16T19:00:00
I5N-S69,69,2025-07-17,0.95,68.172,True,35,2.9166666666666665,2025-07-17T16:05:00,2025-07-17T19:00:00
I5N-S69,69,2025-07-18,0.95,68.172,True,35,2.9166666666666665,2025-07-18T15:40:00,2025-07-18T18:35:00
I5N-S69,69,2025-07-21,0.95,68.172,True,25,2.083333333333333,2025-07-21T16:25:00,2025-07-21T18:30:00
I5N-S69,69,2025-07-22,0.95,68.172,True,41,3.4166666666666665,2025-07-22T15:25:00,2025-07-22T18:50:00
I5N-S69,69,2025-07-23,0.95,68.172,True,42,3.5,2025-07-23T15:20:00,2025-07-23T18:50:00
I5N-S69,69,2025-07-24,0.95,68.172,True,37,3.083333333333333,2025-07-24T15:45:00,2025-07-24T18:50:00
I5N-S69,69,2025-07-25,0.95,68.172,True,28,2.333333333333333,2025-07-25T15:45:00,2025-07-25T18:05:00
I5N-S70,70,2025-07-07,0.95,67.773,True,28,2.333333333333333,2025-07-07T15:50:00,2025-07-07T18:10:00
I5N-S70,70,2025-07-08,0.95,67.773,True,46,3.833333333333333,2025-07-08T15:00:00,2025-07-08T18:50:00
I5N-S70,70,2025-07-09,0.95,67.773,True,44,3.6666666666666665,2025-07-09T15:20:00,2025-07-09T19:00:00
I5N-S70,70,2025-07-10,0.95,67.773,True,34,2.833333333333333,2025-07-10T15:35:00,2025-07-10T18:25:00
I5N-S70,70,2025-07-11,0.95,67.773,True,43,3.583333333333333,2025-07-11T15:00:00,2025-07-11T18:35:00
I5N-S70,70,2025-07-14,0.95,67.773,True,32,2.6666666666666665,2025-07-14T16:20:00,2025-07-14T19:00:00
I5N-S70,70,2025-07-15,0.95,67.773,True,48,4.0,2025-07-15T15:00:00,2025-07-15T19:00:00
I5N-S70,70,2025-07-16,0.95,67.773,True,48,4.0,2025-07-16T15:00:00,2025-07-16T19:00:00
I5N-S70,70,2025-07-17,0.95,67.773,True,40,3.333333333333333,2025-07-17T15:40:00,2025-07-17T19:00:00
I5N-S70,70,2025-07-18,0.95,67.773,True,45,3.75,2025-07-18T15:00:00,2025-07-18T18:45:00
I5N-S70,70,2025-07-21,0.95,67.773,True,33,2.75,2025-07-21T15:50:00,2025-07-21T18:35:00
I5N-S70,70,2025-07-22,0.95,67.773,True,44,3.6666666666666665,2025-07-22T15:20:00,2025-07-22T19:00:00
I5N-S70,70,2025-07-23,0.95,67.773,True,48,4.0,2025-07-23T15:00:00,2025-07-23T19:00:00
I5N-S70,70,2025-07-24,0.95,67.773,True,43,3.583333333333333,2025-07-24T15:25:00,2025-07-24T19:00:00
I5N-S70,70,2025-07-25,0.95,67.773,True,38,3.1666666666666665,2025-07-25T15:00:00,2025-07-25T18:10:00
I5N-S68,68,2025-07-07,1.0,71.34,True,21,1.75,2025-07-07T16:20:00,2025-07-07T18:05:00
I5N-S68,68,2025-07-08,1.0,71.34,True,45,3.75,2025-07-08T15:00:00,2025-07-08T18:45:00
I5N-S68,68,2025-07-09,1.0,71.34,True,32,2.6666666666666665,2025-07-09T16:10:00,2025-07-09T18:50:00
I5N-S68,68,2025-07-10,1.0,71.34,True,30,2.5,2025-07-10T15:50:00,2025-07-10T18:20:00
I5N-S68,68,2025-07-11,1.0,71.34,True,36,3.0,2025-07-11T15:25:00,2025-07-11T18:25:00
I5N-S68,68,2025-07-14,1.0,71.34,True,32,2.6666666666666665,2025-07-14T16:20:00,2025-07-14T19:00:00
I5N-S68,68,2025-07-15,1.0,71.34,True,46,3.833333333333333,2025-07-15T15:10:00,2025-07-15T19:00:00
I5N-S68,68,2025-07-16,1.0,71.34,True,45,3.75,2025-07-16T15:15:00,2025-07-16T19:00:00
I5N-S68,68,2025-07-17,1.0,71.34,True,36,3.0,2025-07-17T16:00:00,2025-07-17T19:00:00
I5N-S68,68,2025-07-18,1.0,71.34,True,37,3.083333333333333,2025-07-18T15:30:00,2025-07-18T18:35:00
I5N-S68,68,2025-07-21,1.0,71.34,True,27,2.25,2025-07-21T16:20:00,2025-07-21T18:35:00
I5N-S68,68,2025-07-22,1.0,71.34,True,41,3.4166666666666665,2025-07-22T15:25:00,2025-07-22T18:50:00
I5N-S68,68,2025-07-23,1.0,71.34,True,44,3.6666666666666665,2025-07-23T15:15:00,2025-07-23T18:55:00
I5N-S68,68,2025-07-24,1.0,71.34,True,39,3.25,2025-07-24T15:40:00,2025-07-24T18:55:00
I5N-S68,68,2025-07-25,1.0,71.34,True,38,3.1666666666666665,2025-07-25T15:00:00,2025-07-25T18:10:00
I5N-S69,69,2025-07-07,1.0,71.76,True,20,1.6666666666666665,2025-07-07T16:20:00,2025-07-07T18:00:00
I5N-S69,69,2025-07-08,1.0,71.76,True,45,3.75,2025-07-08T15:00:00,2025-07-08T18:45:00
I5N-S69,69,2025-07-09,1.0,71.76,True,32,2.6666666666666665,2025-07-09T16:10:00,2025-07-09T18:50:00
I5N-S69,69,2025-07-10,1.0,71.76,True,29,2.4166666666666665,2025-07-10T15:50:00,2025-07-10T18:15:00
I5N-S69,69,2025-07-11,1.0,71.76,True,36,3.0,2025-07-11T15:25:00,2025-07-11T18:25:00
I5N-S69,69,2025-07-14,1.0,71.76,True,27,2.25,2025-07-14T16:25:00,2025-07-14T18:40:00
I5N-S69,69,2025-07-15,1.0,71.76,True,46,3.833333333333333,2025-07-15T15:10:00,2025-07-15T19:00:00
I5N-S69,69,2025-07-16,1.0,71.76,True,45,3.75,2025-07-16T15:15:00,2025-07-16T19:00:00
I5N-S69,69,2025-07-17,1.0,71.76,True,36,3.0,2025-07-17T16:00:00,2025-07-17T19:00:00
I5N-S69,69,2025-07-18,1.0,71.76,True,37,3.083333333333333,2025-07-18T15:30:00,2025-07-18T18:35:00
I5N-S69,69,2025-07-21,1.0,71.76,True,26,2.1666666666666665,2025-07-21T16:20:00,2025-07-21T18:30:00
I5N-S69,69,2025-07-22,1.0,71.76,True,41,3.4166666666666665,2025-07-22T15:25:00,2025-07-22T18:50:00
I5N-S69,69,2025-07-23,1.0,71.76,True,43,3.583333333333333,2025-07-23T15:20:00,2025-07-23T18:55:00
I5N-S69,69,2025-07-24,1.0,71.76,True,39,3.25,2025-07-24T15:40:00,2025-07-24T18:55:00
I5N-S69,69,2025-07-25,1.0,71.76,True,29,2.4166666666666665,2025-07-25T15:45:00,2025-07-25T18:10:00
I5N-S70,70,2025-07-07,1.0,71.34,True,29,2.4166666666666665,2025-07-07T15:50:00,2025-07-07T18:15:00
I5N-S70,70,2025-07-08,1.0,71.34,True,46,3.833333333333333,2025-07-08T15:00:00,2025-07-08T18:50:00
I5N-S70,70,2025-07-09,1.0,71.34,True,44,3.6666666666666665,2025-07-09T15:20:00,2025-07-09T19:00:00
I5N-S70,70,2025-07-10,1.0,71.34,True,35,2.9166666666666665,2025-07-10T15:30:00,2025-07-10T18:25:00
I5N-S70,70,2025-07-11,1.0,71.34,True,43,3.583333333333333,2025-07-11T15:00:00,2025-07-11T18:35:00
I5N-S70,70,2025-07-14,1.0,71.34,True,34,2.833333333333333,2025-07-14T16:10:00,2025-07-14T19:00:00
I5N-S70,70,2025-07-15,1.0,71.34,True,48,4.0,2025-07-15T15:00:00,2025-07-15T19:00:00
I5N-S70,70,2025-07-16,1.0,71.34,True,48,4.0,2025-07-16T15:00:00,2025-07-16T19:00:00
I5N-S70,70,2025-07-17,1.0,71.34,True,40,3.333333333333333,2025-07-17T15:40:00,2025-07-17T19:00:00
I5N-S70,70,2025-07-18,1.0,71.34,True,45,3.75,2025-07-18T15:00:00,2025-07-18T18:45:00
I5N-S70,70,2025-07-21,1.0,71.34,True,33,2.75,2025-07-21T15:50:00,2025-07-21T18:35:00
I5N-S70,70,2025-07-22,1.0,71.34,True,44,3.6666666666666665,2025-07-22T15:20:00,2025-07-22T19:00:00
I5N-S70,70,2025-07-23,1.0,71.34,True,48,4.0,2025-07-23T15:00:00,2025-07-23T19:00:00
I5N-S70,70,2025-07-24,1.0,71.34,True,43,3.583333333333333,2025-07-24T15:25:00,2025-07-24T19:00:00
I5N-S70,70,2025-07-25,1.0,71.34,True,39,3.25,2025-07-25T15:00:00,2025-07-25T18:15:00
I5N-S68,68,2025-07-07,1.05,74.90700000000001,True,21,1.75,2025-07-07T16:20:00,2025-07-07T18:05:00
I5N-S68,68,2025-07-08,1.05,74.90700000000001,True,46,3.833333333333333,2025-07-08T15:00:00,2025-07-08T18:50:00
I5N-S68,68,2025-07-09,1.05,74.90700000000001,True,32,2.6666666666666665,2025-07-09T16:10:00,2025-07-09T18:50:00
I5N-S68,68,2025-07-10,1.05,74.90700000000001,True,30,2.5,2025-07-10T15:50:00,2025-07-10T18:20:00
I5N-S68,68,2025-07-11,1.05,74.90700000000001,True,38,3.1666666666666665,2025-07-11T15:20:00,2025-07-11T18:30:00
I5N-S68,68,2025-07-14,1.05,74.90700000000001,True,32,2.6666666666666665,2025-07-14T16:20:00,2025-07-14T19:00:00
I5N-S68,68,2025-07-15,1.05,74.90700000000001,True,46,3.833333333333333,2025-07-15T15:10:00,2025-07-15T19:00:00
I5N-S68,68,2025-07-16,1.05,74.90700000000001,True,45,3.75,2025-07-16T15:15:00,2025-07-16T19:00:00
I5N-S68,68,2025-07-17,1.05,74.90700000000001,True,36,3.0,2025-07-17T16:00:00,2025-07-17T19:00:00
I5N-S68,68,2025-07-18,1.05,74.90700000000001,True,39,3.25,2025-07-18T15:25:00,2025-07-18T18:40:00
I5N-S68,68,2025-07-21,1.05,74.90700000000001,True,27,2.25,2025-07-21T16:20:00,2025-07-21T18:35:00
I5N-S68,68,2025-07-22,1.05,74.90700000000001,True,41,3.4166666666666665,2025-07-22T15:25:00,2025-07-22T18:50:00
I5N-S68,68,2025-07-23,1.05,74.90700000000001,True,45,3.75,2025-07-23T15:15:00,2025-07-23T19:00:00
I5N-S68,68,2025-07-24,1.05,74.90700000000001,True,39,3.25,2025-07-24T15:40:00,2025-07-24T18:55:00
I5N-S68,68,2025-07-25,1.05,74.90700000000001,True,38,3.1666666666666665,2025-07-25T15:00:00,2025-07-25T18:10:00
I5N-S69,69,2025-07-07,1.05,75.34800000000001,True,20,1.6666666666666665,2025-07-07T16:20:00,2025-07-07T18:00:00
I5N-S69,69,2025-07-08,1.05,75.34800000000001,True,45,3.75,2025-07-08T15:00:00,2025-07-08T18:45:00
I5N-S69,69,2025-07-09,1.05,75.34800000000001,True,32,2.6666666666666665,2025-07-09T16:10:00,2025-07-09T18:50:00
I5N-S69,69,2025-07-10,1.05,75.34800000000001,True,29,2.4166666666666665,2025-07-10T15:50:00,2025-07-10T18:15:00
I5N-S69,69,2025-07-11,1.05,75.34800000000001,True,37,3.083333333333333,2025-07-11T15:25:00,2025-07-11T18:30:00
I5N-S69,69,2025-07-14,1.05,75.34800000000001,True,31,2.583333333333333,2025-07-14T16:25:00,2025-07-14T19:00:00
I5N-S69,69,2025-07-15,1.05,75.34800000000001,True,46,3.833333333333333,2025-07-15T15:10:00,2025-07-15T19:00:00
I5N-S69,69,2025-07-16,1.05,75.34800000000001,True,45,3.75,2025-07-16T15:15:00,2025-07-16T19:00:00
I5N-S69,69,2025-07-17,1.05,75.34800000000001,True,36,3.0,2025-07-17T16:00:00,2025-07-17T19:00:00
I5N-S69,69,2025-07-18,1.05,75.34800000000001,True,39,3.25,2025-07-18T15:25:00,2025-07-18T18:40:00
I5N-S69,69,2025-07-21,1.05,75.34800000000001,True,27,2.25,2025-07-21T16:20:00,2025-07-21T18:35:00
I5N-S69,69,2025-07-22,1.05,75.34800000000001,True,41,3.4166666666666665,2025-07-22T15:25:00,2025-07-22T18:50:00
I5N-S69,69,2025-07-23,1.05,75.34800000000001,True,44,3.6666666666666665,2025-07-23T15:15:00,2025-07-23T18:55:00
I5N-S69,69,2025-07-24,1.05,75.34800000000001,True,39,3.25,2025-07-24T15:40:00,2025-07-24T18:55:00
I5N-S69,69,2025-07-25,1.05,75.34800000000001,True,38,3.1666666666666665,2025-07-25T15:00:00,2025-07-25T18:10:00
I5N-S70,70,2025-07-07,1.05,74.90700000000001,True,30,2.5,2025-07-07T15:45:00,2025-07-07T18:15:00
I5N-S70,70,2025-07-08,1.05,74.90700000000001,True,46,3.833333333333333,2025-07-08T15:00:00,2025-07-08T18:50:00
I5N-S70,70,2025-07-09,1.05,74.90700000000001,True,45,3.75,2025-07-09T15:15:00,2025-07-09T19:00:00
I5N-S70,70,2025-07-10,1.05,74.90700000000001,True,35,2.9166666666666665,2025-07-10T15:30:00,2025-07-10T18:25:00
I5N-S70,70,2025-07-11,1.05,74.90700000000001,True,43,3.583333333333333,2025-07-11T15:00:00,2025-07-11T18:35:00
I5N-S70,70,2025-07-14,1.05,74.90700000000001,True,34,2.833333333333333,2025-07-14T16:10:00,2025-07-14T19:00:00
I5N-S70,70,2025-07-15,1.05,74.90700000000001,True,48,4.0,2025-07-15T15:00:00,2025-07-15T19:00:00
I5N-S70,70,2025-07-16,1.05,74.90700000000001,True,48,4.0,2025-07-16T15:00:00,2025-07-16T19:00:00
I5N-S70,70,2025-07-17,1.05,74.90700000000001,True,40,3.333333333333333,2025-07-17T15:40:00,2025-07-17T19:00:00
I5N-S70,70,2025-07-18,1.05,74.90700000000001,True,45,3.75,2025-07-18T15:00:00,2025-07-18T18:45:00
I5N-S70,70,2025-07-21,1.05,74.90700000000001,True,35,2.9166666666666665,2025-07-21T15:45:00,2025-07-21T18:40:00
I5N-S70,70,2025-07-22,1.05,74.90700000000001,True,44,3.6666666666666665,2025-07-22T15:20:00,2025-07-22T19:00:00
I5N-S70,70,2025-07-23,1.05,74.90700000000001,True,48,4.0,2025-07-23T15:00:00,2025-07-23T19:00:00
I5N-S70,70,2025-07-24,1.05,74.90700000000001,True,44,3.6666666666666665,2025-07-24T15:20:00,2025-07-24T19:00:00
I5N-S70,70,2025-07-25,1.05,74.90700000000001,True,39,3.25,2025-07-25T15:00:00,2025-07-25T18:15:00
I5N-S68,68,2025-07-07,1.1,78.474,True,22,1.8333333333333333,2025-07-07T16:15:00,2025-07-07T18:05:00
I5N-S68,68,2025-07-08,1.1,78.474,True,46,3.833333333333333,2025-07-08T15:00:00,2025-07-08T18:50:00
I5N-S68,68,2025-07-09,1.1,78.474,True,33,2.75,2025-07-09T16:05:00,2025-07-09T18:50:00
I5N-S68,68,2025-07-10,1.1,78.474,True,30,2.5,2025-07-10T15:50:00,2025-07-10T18:20:00
I5N-S68,68,2025-07-11,1.1,78.474,True,38,3.1666666666666665,2025-07-11T15:20:00,2025-07-11T18:30:00
I5N-S68,68,2025-07-14,1.1,78.474,True,32,2.6666666666666665,2025-07-14T16:20:00,2025-07-14T19:00:00
I5N-S68,68,2025-07-15,1.1,78.474,True,46,3.833333333333333,2025-07-15T15:10:00,2025-07-15T19:00:00
I5N-S68,68,2025-07-16,1.1,78.474,True,46,3.833333333333333,2025-07-16T15:10:00,2025-07-16T19:00:00
I5N-S68,68,2025-07-17,1.1,78.474,True,37,3.083333333333333,2025-07-17T15:55:00,2025-07-17T19:00:00
I5N-S68,68,2025-07-18,1.1,78.474,True,39,3.25,2025-07-18T15:25:00,2025-07-18T18:40:00
I5N-S68,68,2025-07-21,1.1,78.474,True,27,2.25,2025-07-21T16:20:00,2025-07-21T18:35:00
I5N-S68,68,2025-07-22,1.1,78.474,True,42,3.5,2025-07-22T15:25:00,2025-07-22T18:55:00
I5N-S68,68,2025-07-23,1.1,78.474,True,45,3.75,2025-07-23T15:15:00,2025-07-23T19:00:00
I5N-S68,68,2025-07-24,1.1,78.474,True,41,3.4166666666666665,2025-07-24T15:35:00,2025-07-24T19:00:00
I5N-S68,68,2025-07-25,1.1,78.474,True,38,3.1666666666666665,2025-07-25T15:00:00,2025-07-25T18:10:00
I5N-S69,69,2025-07-07,1.1,78.936,True,21,1.75,2025-07-07T16:20:00,2025-07-07T18:05:00
I5N-S69,69,2025-07-08,1.1,78.936,True,46,3.833333333333333,2025-07-08T15:00:00,2025-07-08T18:50:00
I5N-S69,69,2025-07-09,1.1,78.936,True,32,2.6666666666666665,2025-07-09T16:10:00,2025-07-09T18:50:00
I5N-S69,69,2025-07-10,1.1,78.936,True,30,2.5,2025-07-10T15:50:00,2025-07-10T18:20:00
I5N-S69,69,2025-07-11,1.1,78.936,True,38,3.1666666666666665,2025-07-11T15:20:00,2025-07-11T18:30:00
I5N-S69,69,2025-07-14,1.1,78.936,True,32,2.6666666666666665,2025-07-14T16:20:00,2025-07-14T19:00:00
I5N-S69,69,2025-07-15,1.1,78.936,True,46,3.833333333333333,2025-07-15T15:10:00,2025-07-15T19:00:00
I5N-S69,69,2025-07-16,1.1,78.936,True,46,3.833333333333333,2025-07-16T15:10:00,2025-07-16T19:00:00
I5N-S69,69,2025-07-17,1.1,78.936,True,36,3.0,2025-07-17T16:00:00,2025-07-17T19:00:00
I5N-S69,69,2025-07-18,1.1,78.936,True,39,3.25,2025-07-18T15:25:00,2025-07-18T18:40:00
I5N-S69,69,2025-07-21,1.1,78.936,True,27,2.25,2025-07-21T16:20:00,2025-07-21T18:35:00
I5N-S69,69,2025-07-22,1.1,78.936,True,41,3.4166666666666665,2025-07-22T15:25:00,2025-07-22T18:50:00
I5N-S69,69,2025-07-23,1.1,78.936,True,45,3.75,2025-07-23T15:15:00,2025-07-23T19:00:00
I5N-S69,69,2025-07-24,1.1,78.936,True,40,3.333333333333333,2025-07-24T15:35:00,2025-07-24T18:55:00
I5N-S69,69,2025-07-25,1.1,78.936,True,38,3.1666666666666665,2025-07-25T15:00:00,2025-07-25T18:10:00
I5N-S70,70,2025-07-07,1.1,78.474,True,30,2.5,2025-07-07T15:45:00,2025-07-07T18:15:00
I5N-S70,70,2025-07-08,1.1,78.474,True,46,3.833333333333333,2025-07-08T15:00:00,2025-07-08T18:50:00
I5N-S70,70,2025-07-09,1.1,78.474,True,45,3.75,2025-07-09T15:15:00,2025-07-09T19:00:00
I5N-S70,70,2025-07-10,1.1,78.474,True,36,3.0,2025-07-10T15:30:00,2025-07-10T18:30:00
I5N-S70,70,2025-07-11,1.1,78.474,True,43,3.583333333333333,2025-07-11T15:00:00,2025-07-11T18:35:00
I5N-S70,70,2025-07-14,1.1,78.474,True,34,2.833333333333333,2025-07-14T16:10:00,2025-07-14T19:00:00
I5N-S70,70,2025-07-15,1.1,78.474,True,48,4.0,2025-07-15T15:00:00,2025-07-15T19:00:00
I5N-S70,70,2025-07-16,1.1,78.474,True,48,4.0,2025-07-16T15:00:00,2025-07-16T19:00:00
I5N-S70,70,2025-07-17,1.1,78.474,True,41,3.4166666666666665,2025-07-17T15:35:00,2025-07-17T19:00:00
I5N-S70,70,2025-07-18,1.1,78.474,True,46,3.833333333333333,2025-07-18T15:00:00,2025-07-18T18:50:00
I5N-S70,70,2025-07-21,1.1,78.474,True,35,2.9166666666666665,2025-07-21T15:45:00,2025-07-21T18:40:00
I5N-S70,70,2025-07-22,1.1,78.474,True,44,3.6666666666666665,2025-07-22T15:20:00,2025-07-22T19:00:00
I5N-S70,70,2025-07-23,1.1,78.474,True,48,4.0,2025-07-23T15:00:00,2025-07-23T19:00:00
I5N-S70,70,2025-07-24,1.1,78.474,True,44,3.6666666666666665,2025-07-24T15:20:00,2025-07-24T19:00:00
I5N-S70,70,2025-07-25,1.1,78.474,True,39,3.25,2025-07-25T15:00:00,2025-07-25T18:15:00
