segment_id,segment_index,date_local,valid_joint_cells,joint_coverage,capacity_vph_link,capacity_speed_kmh,downstream_D60_vph,downstream_dc,upstream_D60_vph,upstream_dc,net_arrival_D60_vph,net_arrival_dc,storage_implied_arrival_D60_vph,storage_implied_arrival_dc
I5N-S68,68,2025-07-07,48,1.0,8112.0,71.34,6916.0,0.8525641025641025,5574.0,0.6871301775147929,5949.0,0.7333579881656804,6912.360730774973,0.8521154747010568
I5N-S68,68,2025-07-08,48,1.0,8112.0,71.34,6021.0,0.7422337278106509,5231.0,0.6448471400394478,5500.0,0.678007889546351,5883.881388557511,0.7253305459267149
I5N-S68,68,2025-07-09,48,1.0,8112.0,71.34,6762.0,0.8335798816568047,5462.0,0.6733234714003945,5796.0,0.7144970414201184,6780.360421244106,0.8358432471947862
I5N-S68,68,2025-07-10,48,1.0,8112.0,71.34,6700.0,0.8259368836291914,5492.0,0.6770216962524654,5763.0,0.7104289940828402,6740.133813033094,0.8308843457881033
I5N-S68,68,2025-07-11,48,1.0,8112.0,71.34,6860.0,0.8456607495069034,5466.0,0.6738165680473372,5706.0,0.7034023668639053,6778.242512557116,0.8355821637767649
I5N-S68,68,2025-07-14,48,1.0,8112.0,71.34,6881.0,0.8482495069033531,5423.0,0.6685157790927022,5730.0,0.7063609467455622,6915.4542456236595,0.8524968251508456
I5N-S68,68,2025-07-15,48,1.0,8112.0,71.34,6068.0,0.7480276134122288,5474.0,0.6748027613412229,5736.0,0.7071005917159763,6091.127106213753,0.7508785880441017
I5N-S68,68,2025-07-16,48,1.0,8112.0,71.34,5650.0,0.6964990138067061,5218.0,0.6432445759368837,5456.0,0.6725838264299803,5694.20230711471,0.7019480161630559
I5N-S68,68,2025-07-17,48,1.0,8112.0,71.34,6703.0,0.8263067061143984,5564.0,0.6858974358974359,5831.0,0.7188116370808678,6731.999237203402,0.8298815627716225
I5N-S68,68,2025-07-18,48,1.0,8112.0,71.34,6695.0,0.8253205128205128,5593.0,0.6894723865877712,5853.0,0.7215236686390533,6608.310000812628,0.8146338758398209
I5N-S68,68,2025-07-21,48,1.0,8112.0,71.34,6906.0,0.8513313609467456,5541.0,0.6830621301775148,5830.0,0.7186883629191322,6912.84105516587,0.8521746862877059
I5N-S68,68,2025-07-22,48,1.0,8112.0,71.34,6589.0,0.8122534516765286,5403.0,0.6660502958579881,5670.0,0.6989644970414202,6627.257486852286,0.8169696112983588
I5N-S68,68,2025-07-23,48,1.0,8112.0,71.34,6251.0,0.7705867850098619,5381.0,0.6633382642998028,5653.0,0.6968688362919132,6280.897679390847,0.7742723963746113
I5N-S68,68,2025-07-24,48,1.0,8112.0,71.34,6574.0,0.810404339250493,5892.0,0.7263313609467456,6186.0,0.7625739644970414,6614.677094850035,0.8154187740199748
I5N-S68,68,2025-07-25,48,1.0,8112.0,71.34,6866.0,0.8464003944773175,5422.0,0.6683925049309665,5778.0,0.7122781065088757,6749.064581040305,0.8319852787278482
I5N-S69,69,2025-07-07,48,1.0,7308.0,71.76,6263.0,0.8570060207991242,6916.0,0.946360153256705,6676.0,0.9135194307608101,6263.003240421925,0.8570064642066125
I5N-S69,69,2025-07-08,48,1.0,7308.0,71.76,5624.0,0.7695675971538041,6021.0,0.8238916256157636,5344.0,0.7312534209085934,5524.727822902736,0.75598355540541
I5N-S69,69,2025-07-09,48,1.0,7308.0,71.76,6197.0,0.8479748221127531,6762.0,0.9252873563218391,6585.0,0.9010673234811166,6200.754614736047,0.8484885898653595
I5N-S69,69,2025-07-10,48,1.0,7308.0,71.76,6215.0,0.8504378762999453,6700.0,0.9168035030103996,6482.0,0.8869731800766284,6223.90448433156,0.8516563333787027
I5N-S69,69,2025-07-11,48,1.0,7308.0,71.76,6444.0,0.8817733990147784,6860.0,0.9386973180076629,6374.0,0.8721948549534756,6392.175002258277,0.8746818558098355
I5N-S69,69,2025-07-14,48,1.0,7308.0,71.76,6343.0,0.8679529282977558,6881.0,0.9415708812260536,6702.0,0.9170771756978654,6349.718333764635,0.8688722405260858
I5N-S69,69,2025-07-15,48,1.0,7308.0,71.76,5654.0,0.7736726874657909,6068.0,0.8303229337712096,5731.0,0.7842090859332239,5659.507126954731,0.7744262625827492
I5N-S69,69,2025-07-16,48,1.0,7308.0,71.76,5290.0,0.723864258347017,5650.0,0.7731253420908594,4996.0,0.6836343732895457,5274.492757872352,0.7217423040328889
I5N-S69,69,2025-07-17,48,1.0,7308.0,71.76,6174.0,0.8448275862068966,6703.0,0.9172140120415982,6512.0,0.8910782703886152,6182.9068567953545,0.8460463679249254
I5N-S69,69,2025-07-18,48,1.0,7308.0,71.76,6190.0,0.8470169677066228,6695.0,0.9161193212917351,6351.0,0.8690476190476191,6173.979207106131,0.8448247409833239
I5N-S69,69,2025-07-21,48,1.0,7308.0,71.76,6348.0,0.8686371100164204,6906.0,0.944991789819376,6762.0,0.9252873563218391,6349.407773178594,0.8688297445509844
I5N-S69,69,2025-07-22,48,1.0,7308.0,71.76,6064.0,0.8297755883962781,6589.0,0.9016146688560481,6265.0,0.85727969348659,6071.287819644113,0.8307728269901633
I5N-S69,69,2025-07-23,48,1.0,7308.0,71.76,5716.0,0.7821565407772304,6251.0,0.8553639846743295,5885.0,0.8052818828680898,5723.1306588439575,0.7831322740618442
I5N-S69,69,2025-07-24,48,1.0,7308.0,71.76,6020.0,0.8237547892720306,6574.0,0.8995621237000547,6305.0,0.8627531472359059,6029.964374637621,0.8251182778650276
I5N-S69,69,2025-07-25,48,1.0,7308.0,71.76,6262.0,0.8568691844553914,6866.0,0.9395183360700602,6522.0,0.8924466338259441,6208.292275216096,0.8495200157657493
I5N-S70,70,2025-07-07,48,1.0,8004.0,71.34,6856.0,0.8565717141429285,6263.0,0.7824837581209395,4998.0,0.6244377811094453,6872.944523930965,0.8586887211308053
I5N-S70,70,2025-07-08,48,1.0,8004.0,71.34,6390.0,0.7983508245877061,5624.0,0.7026486756621689,4370.0,0.5459770114942529,6299.772562605437,0.7870780313100246
I5N-S70,70,2025-07-09,48,1.0,8004.0,71.34,6632.0,0.8285857071464268,6197.0,0.7742378810594702,4874.0,0.6089455272363818,6659.978191383597,0.8320812333062965
I5N-S70,70,2025-07-10,48,1.0,8004.0,71.34,6595.0,0.8239630184907546,6215.0,0.7764867566216892,4996.0,0.6241879060469765,6632.83959116651,0.8286906035940168
I5N-S70,70,2025-07-11,48,1.0,8004.0,71.34,7066.0,0.882808595702149,6444.0,0.8050974512743628,5016.0,0.6266866566716641,6974.430291268956,0.8713681023574408
I5N-S70,70,2025-07-14,48,1.0,8004.0,71.34,6872.0,0.8585707146426786,6343.0,0.7924787606196901,5096.0,0.6366816591704147,6890.601190198083,0.8608947014240483
I5N-S70,70,2025-07-15,48,1.0,8004.0,71.34,6159.0,0.7694902548725637,5654.0,0.7063968015992004,4380.0,0.5472263868065967,6113.512738422115,0.7638071887084101
I5N-S70,70,2025-07-16,48,1.0,8004.0,71.34,5912.0,0.7386306846576711,5290.0,0.6609195402298851,4061.0,0.5073713143428286,5783.475982772667,0.7225732112409629
I5N-S70,70,2025-07-17,48,1.0,8004.0,71.34,6676.0,0.8340829585207397,6174.0,0.7713643178410795,4819.0,0.6020739630184908,6693.540768792151,0.8362744588695841
I5N-S70,70,2025-07-18,48,1.0,8004.0,71.34,6912.0,0.863568215892054,6190.0,0.7733633183408296,4872.0,0.6086956521739131,6855.5051064253885,0.8565098833614928
I5N-S70,70,2025-07-21,48,1.0,8004.0,71.34,6867.0,0.8579460269865068,6348.0,0.7931034482758621,5004.0,0.6251874062968515,6880.139291721236,0.8595876176563263
I5N-S70,70,2025-07-22,48,1.0,8004.0,71.34,6539.0,0.8169665167416292,6064.0,0.7576211894052973,4789.0,0.5983258370814593,6558.164155822433,0.819360839058275
I5N-S70,70,2025-07-23,48,1.0,8004.0,71.34,6202.0,0.7748625687156422,5716.0,0.7141429285357321,4478.0,0.5594702648675662,6217.4085024909355,0.7767876689768785
I5N-S70,70,2025-07-24,48,1.0,8004.0,71.34,6453.0,0.8062218890554723,6020.0,0.7521239380309845,4752.0,0.5937031484257871,6485.427240775057,0.8102732684626508
I5N-S70,70,2025-07-25,48,1.0,8004.0,71.34,7061.0,0.882183908045977,6262.0,0.7823588205897052,4793.0,0.5988255872063968,6974.2931650058335,0.8713509701406589
