mean_dc,mu_ln_dc,sigma_ln_dc,expected_tti,shrp2_tti95,tti_50,gamma_50,delay_dominant_gamma_50,tti_80,gamma_80,delay_dominant_gamma_80,tti_90,gamma_90,delay_dominant_gamma_90,tti_95,gamma_95,delay_dominant_gamma_95,empirical_support,sigma_model,alpha,beta
0.4,-0.9169961278064942,0.037560509377250154,1.0548409224124295,1.1959411939946853,1.0547195391100157,0.9998849273858884,0.9977866290887494,1.057872834905669,1.0028742841018201,1.0552855852868064,1.05959278674017,1.0045048160597267,1.086648147381698,1.0610516229458766,1.0058878077267264,1.113249381305801,False,constant,0.27795665535834296,1.7723568133959584
0.41,-0.8923035152161228,0.037560509377250154,1.0572942800874348,1.2044669992612735,1.057167466594508,0.9998800584706501,0.9977866290887494,1.0604618278956548,1.0029958998813064,1.0552855852868064,1.062258723312579,1.0046954223801663,1.086648147381698,1.063782821859698,1.0061369307433752,1.113249381305801,False,constant,0.27795665535834296,1.7723568133959584
0.42,-0.8682059636370623,0.037560509377250154,1.0597942949667212,1.213134618537911,1.0596619480135832,0.9998751201494794,0.9977866290887494,1.0631000575607683,1.0031192492823817,1.0552855852868064,1.0649753598495824,1.0048887457759186,1.086648147381698,1.066565961877319,1.006389604985381,1.113249381305801,False,constant,0.27795665535834296,1.7723568133959584
0.43,-0.8446754662268682,0.037560509377250154,1.062340711775976,1.2219421205540715,1.0622027286579443,0.9998701140636876,0.9977866290887494,1.0657872545137068,1.003244291308359,1.0552855852868064,1.0677424189578206,1.0050847219935817,1.086648147381698,1.0694007588147685,1.0066457464733605,1.113249381305801,False,constant,0.27795665535834296,1.7723568133959584
0.44,-0.8216859480021694,0.037560509377250154,1.0649332825970896,1.2308875969237414,1.0647895611582172,0.9998650418376239,0.9977866290887494,1.0685231571300633,1.0033709853862571,1.0552855852868064,1.0705596312375398,1.0052832874438191,1.086648147381698,1.0722869366773649,1.0069052720958647,1.113249381305801,False,constant,0.27795665535834296,1.7723568133959584
0.45,-0.7992130921501108,0.037560509377250154,1.0675717664922761,1.239969161200106,1.0674222051099005,0.9998599050789184,0.9977866290887494,1.0713075111516652,1.003499291360677,1.0552855852868064,1.0734267348741406,1.0054843791917636,1.086648147381698,1.0752242272412667,1.0071680995968395,1.113249381305801,False,constant,0.27795665535834296,1.7723568133959584
0.46,-0.7772341854313355,0.037560509377250154,1.070255929155399,1.2491849480196875,1.0701004267254637,0.9998547053786864,0.9977866290887494,1.0741400693186238,1.0036291694887316,1.0552855852868064,1.0763434752592942,1.0056879349490726,1.086648147381698,1.0782123696653123,1.007434147565239,1.113249381305801,False,constant,0.27795665535834296,1.7723568133959584
0.47,-0.755727980210372,0.037560509377250154,1.0729855425879822,1.2585331123268837,1.0728239985110761,0.9998494443116946,0.9977866290887494,1.0770205910274337,1.0037605804358922,1.0552855852868064,1.0793096046388788,1.0058938930674157,1.086648147381698,1.0812511101303393,1.0077033354265157,1.113249381305801,False,constant,0.27795665535834296,1.7723568133959584
0.48,-0.7346745710125396,0.037560509377250154,1.075760384797665,1.268011828670872,1.0755926989657285,0.9998441234364956,0.9977866290887494,1.0799488420127574,1.0038934852726338,1.0552855852868064,1.082324881785307,1.0061021925332163,1.086648147381698,1.0843402015034898,1.007975583435747,1.113249381305801,False,constant,0.27795665535834296,1.7723568133959584
0.49,-0.714055283809804,0.037560509377250154,1.0785802395171076,1.2776192905677313,1.0784063123007612,0.9998387442955341,0.9977866290887494,1.0829245940507883,1.004027845471771,1.0552855852868064,1.085389071692075,1.0063127729634802,1.086648147381698,1.0874794030252817,1.0082508126721832,1.113249381305801,False,constant,0.27795665535834296,1.7723568133959584
0.5,-0.6938525764922845,0.037560509377250154,1.0814448959415677,1.2873537099214116,1.0812646281780207,0.999833308415229,0.9977866290887494,1.0859476246823203,1.0041636229064008,1.0552855852868064,1.0885019452885998,1.0065255746025672,1.086648147381698,1.0906684800174655,1.0085289450350285,1.113249381305801,False,constant,0.27795665535834296,1.7723568133959584
0.51,-0.6740499491961048,0.037560509377250154,1.084354148483555,1.2972133164978614,1.0841674414650582,0.9998278173060361,0.9977866290887494,1.0890177169538384,1.0043007798483599,1.0552855852868064,1.0916632791736156,1.0067405383197752,1.086648147381698,1.0939072036098954,1.0088099032402837,1.113249381305801,False,constant,0.27795665535834296,1.7723568133959584
0.52,-0.6546318633390031,0.037560509377250154,1.0873077965431384,1.3071963574472183,1.0871145520059444,0.999822272462491,0.9977866290887494,1.092134659175127,1.0044392789671284,1.0552855852868064,1.0948728553655793,1.0069576056076233,1.086648147381698,1.0971953504848215,1.0090936108184991,1.113249381305801,False,constant,0.27795665535834296,1.7723568133959584
0.53,-0.6355836683683087,0.037560509377250154,1.090305644292622,1.3173010968694956,1.090105764406423,0.9998166753632384,0.9977866290887494,1.0952982446920418,1.0045790833291146,1.0552855852868064,1.0981304610686884,1.007176718580727,1.086648147381698,1.1005327026371832,1.009379992113309,1.113249381305801,False,constant,0.27795665535834296,1.7723568133959584
0.54,-0.6168915353561562,0.037560509377250154,1.0933475004744364,1.3275258154196523,1.0931408878322484,0.999811027471048,0.9977866290887494,1.0985082716732262,1.0047201563972574,1.0552855852868064,1.1014358884532587,1.0073978199751794,1.086648147381698,1.1039190471496094,1.0096689722806205,1.113249381305801,False,constant,0.27795665535834296,1.7723568133959584
0.55,-0.5985423966879596,0.037560509377250154,1.0964331782111993,1.3378688099483411,1.0962197358196673,0.9998053302328188,0.9977866290887494,1.1017645429096725,1.004862462030902,1.0552855852868064,1.104788934449329,1.007620853148353,1.086648147381698,1.1073541759809697,1.009960477288354,1.113249381305801,False,constant,0.27795665535834296,1.7723568133959584
0.56,-0.5805238911852812,0.037560509377250154,1.0995624948270073,1.3483283931750072,1.0993421260971057,0.9997995850795763,0.9977866290887494,1.105066865626133,1.0050059644858946,1.0552855852868064,1.1081894005524673,1.0078457620790506,1.086648147381698,1.110837885767428,1.010254433916641,1.113249381305801,True,constant,0.27795665535834296,1.7723568133959584
0.57,-0.5628243140858805,0.037560509377250154,1.102735271679101,1.358902893390313,1.102507880417207,0.9997937934264606,0.9977866290887494,1.1084150513034792,1.0051506284148595,1.0552855852868064,1.1116370926408505,1.0080724913679373,1.086648147381698,1.1143699776350424,1.0105507697583895,1.113249381305801,True,constant,0.27795665535834296,1.7723568133959584
0.58,-0.5454325713740114,0.037560509377250154,1.1059513339991316,1.369590654185159,1.1057168243984499,0.9997879566727103,0.9977866290887494,1.1118089155111917,1.005296418867618,1.0552855852868064,1.1151318208027758,1.0083009862381986,1.086648147381698,1.1179502570230577,1.010849413220144,1.113249381305801,True,constant,0.27795665535834296,1.7723568133959584
0.59,-0.5283381380147112,0.037560509377250154,1.1092105107433228,1.3803900342038358,1.1089687873756406,0.99978207620164,0.9977866290887494,1.1152482777492383,1.0054433012917172,1.0552855852868064,1.1186733991738407,1.0085311925363711,1.086648147381698,1.1215785335170945,1.0111502935231684,1.113249381305801,True,constant,0.27795665535834296,1.7723568133959584
0.6,-0.5115310196983299,0.037560509377250154,1.1125126344508833,1.3912994069190392,1.1122636022586416,0.9997761533806179,0.9977866290887494,1.118732961298661,1.0055912415330437,1.0552855852868064,1.1222616457830865,1.0087630567332972,1.086648147381698,1.1252546206915315,1.0114533407046988,1.113249381305801,True,constant,0.27795665535834296,1.7723568133959584
0.61,-0.4950017177471194,0.037560509377250154,1.1158575411100922,1.402317160426741,1.11560110539875,0.9997701895610375,0.9977866290887494,1.122262793080254,1.0057402058364813,1.0552855852868064,1.1258963824074806,1.0089965259251656,1.086648147381698,1.1289783359604215,1.011758485619299,1.113249381305801,True,constant,0.27795665535834296,1.7723568133959584
0.62,-0.47874119687533906,0.037560509377250154,1.1192450700315129,1.4134416972590285,1.118981136462195,0.9997641860782909,0.9977866290887494,1.1258376035207713,1.0058901608466078,1.0552855852868064,1.1295774344341443,1.0092315478345957,1.086648147381698,1.1327495004363486,1.0120656599402806,1.113249381305801,True,constant,0.27795665535834296,1.7723568133959584
0.63,-0.46274085552889793,0.037560509377250154,1.1226750637278524,1.4246714342132372,1.1224035383102613,0.9997581442517397,0.9977866290887494,1.1294572264261429,1.0060410736083958,1.0552855852868064,1.1333046307298025,1.00946807081174,1.086648147381698,1.1365679387966812,1.0123747961611416,1.113249381305801,True,constant,0.27795665535834296,1.7723568133959584
0.64,-0.44699249856075873,0.037560509377250154,1.1261473678000151,1.4360048021958352,1.1258681568855957,0.9997520653846886,0.9977866290887494,1.133121498861229,1.0061929115679045,1.0552855852868064,1.1370778035169642,1.009706043835366,1.086648147381698,1.1404334791567223,1.012685827596983,1.113249381305801,True,constant,0.27795665535834296,1.7723568133959584
0.65,-0.4314883120247935,0.037560509377250154,1.12966183082894,1.4474402460796518,1.1293748411042837,0.9997459507643578,0.9977866290887494,1.1368302610356769,1.0063456425729431,1.0552855852868064,1.1408967882563867,1.0099454165138984,1.086648147381698,1.144345952949295,1.0129986883858686,1.113249381305801,True,constant,0.27795665535834296,1.7723568133959584
0.66,-0.41622083989400505,0.037560509377250154,1.13321830427284,1.4589762245731601,1.1329234427533164,0.9997398016618582,0.9977866290887494,1.14058335619548,1.0064992348736952,1.0552855852868064,1.1447614235354129,1.0101861390863958,1.086648147381698,1.148305194810347,1.0133133134901027,1.113249381305801,True,constant,0.27795665535834296,1.7723568133959584
0.67,-0.4011829625294645,0.037560509377250154,1.1368166423695003,1.470611210100647,1.1365138163931048,0.9997336193321692,0.9977866290887494,1.1443806305198738,1.0066536571232874,1.0552855852868064,1.148671550961802,1.0104281624234424,1.086648147381698,1.1523110424701835,1.013629638697396,1.113249381305801,True,constant,0.27795665535834296,1.7723568133959584
0.68,-0.3863678767443239,0.037560509377250154,1.1404567020433098,1.4823436886922,1.140145819264717,0.9997274050141176,0.9977866290887494,1.1482219330232288,1.0068088783782903,1.0552855852868064,1.1526270150627058,1.010671438027933,1.086648147381698,1.156363336649968,1.0139476006218902,1.113249381305801,True,constant,0.27795665535834296,1.7723568133959584
0.69,-0.3717690773231713,0.037560509377250154,1.144138342816732,1.4941721598825166,1.1438193112015456,0.999721159930362,0.9977866290887494,1.1521071154616254,1.0069648680991454,1.0552855852868064,1.1566276631884698,1.0109159180357425,1.086648147381698,1.1604619209631704,1.0142671367050349,1.113249381305801,True,constant,0.27795665535834296,1.7723568133959584
0.7,-0.3573803398710717,0.037560509377250154,1.1478614267259413,1.5060951366176498,1.14753415454513,0.9997148852873777,0.9977866290887494,1.1560360322438272,1.0071215961505062,1.0552855852868064,1.1606733454209588,1.0111615552162607,1.086648147381698,1.1646066418216472,1.014588185216284,1.113249381305801,True,constant,0.27795665535834296,1.7723568133959584
0.71,-0.34319570487911527,0.037560509377250154,1.151625818240372,1.5181111451688611,1.1512902140648842,0.9997085822754472,0.9977866290887494,1.1600085403463818,1.007279032801486,1.0552855852868064,1.1647639144861344,1.0114083029727805,1.086648147381698,1.16879734834608,1.0149106852536054,1.113249381305801,True,constant,0.27795665535834296,1.7723568133959584
0.72,-0.32920946290437536,0.037560509377250154,1.1554313841859445,1.5302187250528236,1.155087356881492,0.9997022520686549,0.9977866290887494,1.164024499232603,1.0074371487258091,1.0552855852868064,1.1688992256706296,1.011656115342733,1.086648147381698,1.173033892280507,1.0152345767437885,1.113249381305801,True,constant,0.27795665535834296,1.7723568133959584
0.73,-0.3154161407720395,0.037560509377250154,1.1592779936717532,1.5424164289574933,1.158925452393758,0.9996958958248844,0.9977866290887494,1.1680837707752045,1.0075959150018547,1.0552855852868064,1.1730791367420845,1.0119049469977597,1.086648147381698,1.1773161279107087,1.0155598004425357,1.113249381305801,True,constant,0.27795665535834296,1.7723568133959584
0.74,-0.30181048871626087,0.037560509377250154,1.1631655180200133,1.5547028226730053,1.1628043722087087,0.999689514685821,0.9977866290887494,1.1721862191823746,1.007755303112593,1.0552855852868064,1.1773035078730225,1.0121547532436102,1.086648147381698,1.1816439119862203,1.0158862979343315,1.113249381305801,True,constant,0.27795665535834296,1.7723568133959584
0.75,-0.28838746838412016,0.037560509377250154,1.1670938306990792,1.5670764850270196,1.1667239900747604,0.99968310977696,0.9977866290887494,1.1763317109270923,1.0079152849454098,1.0552855852868064,1.1815722015680654,1.0124054900198673,1.086648147381698,1.186017103645766,1.0162140116320828,1.113249381305801,True,constant,0.27795665535834296,1.7723568133959584
0.76,-0.27514224163409956,0.037560509377250154,1.171062807259362,1.5795360078239864,1.1706841818177773,0.9996766822076172,0.9977866290887494,1.1805201146795001,1.0080758327918133,1.0552855852868064,1.1858850825942981,1.0126571138994882,1.086648147381698,1.1904355643459184,1.016542884776517,1.113249381305801,True,constant,0.27795665535834296,1.7723568133959584
0.77,-0.26207016006674677,0.037560509377250154,1.1750723252719824,1.5920799957878389,1.1746848252798605,0.9996702330709455,0.9977866290887494,1.1847513012421662,1.0082369193470229,1.0552855852868064,1.1902420179146058,1.0129095820881597,1.086648147381698,1.1948991577928023,1.0168728614353426,1.113249381305801,True,constant,0.27795665535834296,1.7723568133959584
0.78,-0.24916675523083887,0.037560509377250154,1.179122264270008,1.6047070665076713,1.1787258002607155,0.9996637634439562,0.9977866290887494,1.1890251434880734,1.0083985177094388,1.0552855852868064,1.194642876623819,1.0131628524234675,1.086648147381698,1.1994077498766806,1.017203886502161,1.113249381305801,True,constant,0.27795665535834296,1.7723568133959584
0.79,-0.2364277294534091,0.037560509377250154,1.1832125056921354,1.617415850385986,1.1828069884614592,0.9996572743875463,0.9977866290887494,1.1933415163011876,1.0085606013799921,1.0552855852868064,1.1990875298875179,1.0134168833738755,1.086648147381698,1.2039612086092555,1.0175359056951336,1.113249381305801,True,constant,0.27795665535834296,1.7723568133959584
0.8,-0.22384894724654897,0.037560509377250154,1.1873429328286849,1.6302049905891516,1.1869282734307336,0.9996507669465271,0.9977866290887494,1.1977002965194656,1.0087231442613682,1.0552855852868064,1.2035758508833443,1.0136716340375116,1.086648147381698,1.2085594040635477,1.0178688655553938,1.113249381305801,True,constant,0.27795665535834296,1.7723568133959584
0.81,-0.2114264272479918,0.037560509377250154,1.191513430769784,1.6430731429997079,1.1910895405130044,0.9996442421496619,0.9977866290887494,1.202101362880176,1.0088861206571138,1.0552855852868064,1.208107714744699,1.013927064140766,1.086648147381698,1.2132022083162135,1.0182027134452167,1.113249381305801,True,constant,0.27795665535834296,1.7723568133959584
0.82,-0.19915633465617757,0.037560509377250154,1.1957238863556277,1.6560189761702233,1.1952906767989313,0.9996377010097066,0.9977866290887494,1.206544595967407,1.0090495052706183,1.0552855852868064,1.212682998506689,1.0141831340366962,1.086648147381698,1.2178894953921695,1.0185373975459326,1.113249381305801,True,constant,0.27795665535834296,1.7723568133959584
0.83,-0.18703497412383274,0.037560509377250154,1.199974188128704,1.6690411712784117,1.199531571077699,0.999631144523454,0.9977866290887494,1.2110298781616533,1.0092132732039762,1.0552855852868064,1.2173015810542154,1.0144398047032432,1.086648147381698,1.2226211412114096,1.0188728668555966,1.113249381305801,True,constant,0.27795665535834296,1.7723568133959584
0.84,-0.17505878307711706,0.037560509377250154,1.2042642262878882,1.682138422083244,1.2038121137912134,0.999624573671786,0.9977866290887494,1.2155570935913709,1.0093773999567293,1.0552855852868064,1.2219633430720898,1.0146970377412594,1.086648147381698,1.2273970235378997,1.0192090711864104,1.113249381305801,True,constant,0.27795665535834296,1.7723568133959584
0.85,-0.1632243254301142,0.037560509377250154,1.208593892644308,1.6953094348818276,1.2081321969900647,0.9996179894197271,0.9977866290887494,1.220126128086402,1.0095418614244875,1.0552855852868064,1.226668166997074,1.0149547953723488,1.086648147381698,1.2322170219304447,1.019545961161901,1.113249381305801,True,constant,0.27795665535834296,1.7723568133959584
0.86,-0.15152828566692292,0.037560509377250154,1.2129630805788931,1.708552928466827,1.2124917142911695,0.9996113927165049,0.9977866290887494,1.2247368691331786,1.009706633897436,1.0552855852868064,1.2314159369717537,1.0152130404365265,1.086648147381698,1.2370810176954303,1.0198834882138597,1.113249381305801,True,constant,0.27795665535834296,1.7723568133959584
0.87,-0.13996746326584691,0.037560509377250154,1.2173716850015257,1.721867634084238,1.216890560837014,0.9996047844956152,0.9977866290887494,1.2293892058316145,1.0098716940587242,1.0552855852868064,1.236206538800146,1.0154717363896932,1.086648147381698,1.2419888938413481,1.0202216045790415,1.113249381305801,True,constant,0.27795665535834296,1.7723568133959584
0.88,-0.12853876744222414,0.037560509377250154,1.2218196023117123,1.735252295391328,1.2213286332564102,0.9995981656748891,0.9977866290887494,1.2340830288536018,1.0100370189827426,1.0552855852868064,1.241039859904967,1.015730847300935,1.086648147381698,1.2469405350350125,1.0205602632956376,1.113249381305801,True,constant,0.27795665535834296,1.7723568133959584
0.89,-0.11723921218829075,0.037560509377250154,1.2263067303607051,1.7487056684145927,1.2258058296267047,0.99959153715657,0.9977866290887494,1.2388182304030404,1.0102025861332875,1.0552855852868064,1.2459157892864698,1.0159903378496478,1.086648147381698,1.251935827559394,1.0208994181995155,1.113249381305801,True,constant,0.27795665535834296,1.7723568133959584
0.9,-0.10606591159016553,0.037560509377250154,1.230832968415005,1.7622265215075767,1.2303220494373577,0.9995848998273866,0.9977866290887494,1.2435947041773194,1.0103683733616173,1.0552855852868064,1.2508342174827833,1.0162501733224898,1.086648147381698,1.256974659272986,1.0212390239202358,1.113249381305801,True,constant,0.27795665535834296,1.7723568133959584
0.91,-0.09501607540358054,0.037560509377250154,1.2353982171211757,1.7758136353084253,1.2348771935548393,0.9995782545586389,0.9977866290887494,1.2484123453301905,1.0105343589044036,1.0552855852868064,1.2557950365316801,1.0165103196101697,1.086648147381698,1.2620569195706373,1.0215790358768557,1.113249381305801,True,constant,0.27795665535834296,1.7723568133959584
0.92,-0.08408700487139026,0.037560509377250154,1.2400023784719139,1.7894658026970547,1.2394711641887732,0.9995716022062835,0.9977866290887494,1.2532710504359592,1.0107005213815772,1.0552855852868064,1.2607981399337063,1.0167707432040731,1.086648147381698,1.2671824993457788,1.0219194102735187,1.113249381305801,True,constant,0.27795665535834296,1.7723568133959584
0.93,-0.07327608876717462,0.037560509377250154,1.244645355773315,1.803181828751839,1.2441038648592737,0.9995649436110218,0.9977866290887494,1.2581707174549417,1.0108668397940739,1.0552855852868064,1.265843422616609,1.0170314111927277,1.086648147381698,1.2723512909539805,1.0222601040948338,1.113249381305801,True,constant,0.27795665535834296,1.7723568133959584
0.94,-0.06258079965042677,0.037560509377250154,1.2493270536132781,1.8169605307057068,1.2487752003654227,0.999558279598397,0.9977866290887494,1.2631112457001232,1.0110332935214832,1.0552855852868064,1.270930780901006,1.0172922912581186,1.086648147381698,1.2775631881777803,1.022601075101062,1.113249381305801,True,constant,0.27795665535834296,1.7723568133959584
0.95,-0.05199869031988982,0.037560509377250154,1.2540473778310028,1.8308007379015847,1.2534850767548322,0.9995516109788904,0.9977866290887494,1.2680925358049682,1.0111998623196021,1.0552855852868064,1.2760601124672375,1.0175533516718545,1.086648147381698,1.2828180861927247,1.0229422818231029,1.113249381305801,True,constant,0.27795665535834296,1.7723568133959584
0.96,-0.04152739045259441,0.037560509377250154,1.2588062354875234,1.844701291747089,1.258233401294245,0.9995449385480233,0.9977866290887494,1.273114489692326,1.0113665263178977,1.0552855852868064,1.2812313163233486,1.0178145612911904,1.086648147381698,1.2881158815345688,1.0232836835572983,1.113249381305801,True,constant,0.27795665535834296,1.7723568133959584
0.97,-0.031164603417047822,0.037560509377250154,1.2636035348372414,1.8586610456684323,1.26302008244113,0.999538263086462,0.9977866290887494,1.2781770105443895,1.0115332660168803,1.0552855852868064,1.2864442927741553,1.0180758895549116,1.086648147381698,1.2934564720675812,1.023625240360051,1.113249381305801,True,constant,0.27795665535834296,1.7723568133959584
0.98,-0.020908103249858714,0.037560509377250154,1.2684391853004076,1.8726788650634614,1.2678450298162238,0.9995315853601267,0.9977866290887494,1.2832800027736542,1.011700062285392,1.0552855852868064,1.2916989433913404,1.0183373064790837,1.086648147381698,1.298839756953912,1.0239669130422715,1.113249381305801,True,constant,0.27795665535834296,1.7723568133959584
0.99,-0.010755731785840699,0.037560509377250154,1.273313097436513,1.8867536272537984,1.2727081541769831,0.9995249061203032,0.9977866290887494,1.2884233719948404,1.0118668963578148,1.0552855852868064,1.2969951709845402,1.018598782652676,1.086648147381698,1.30426563662397,1.024308663163657,1.113249381305801,True,constant,0.27795665535834296,1.7723568133959584
1.0,-0.0007053959323392484,0.037560509377250154,1.2782251829185525,1.9008842214360322,1.2776093673919031,0.999518226103758,0.9977866290887494,1.2936070249977334,1.0120337498311993,1.0552855852868064,1.302332879573379,1.0188602892330614,1.086648147381698,1.309734012747772,1.0246504530268101,1.113249381305801,True,constant,0.27795665535834296,1.7723568133959584
1.01,0.009244934920828844,0.037560509377250154,1.2831753545081228,1.9150695486319393,1.2825485824156715,0.9995115460328556,0.9977866290887494,1.2988308697209032,1.0122006046623158,1.0552855852868064,1.307711974360407,1.0191217979413967,1.086648147381698,1.3152447882072185,1.0249922456711995,1.113249381305801,False,constant,0.27795665535834296,1.7723568133959584
1.02,0.01909723136384048,0.037560509377250154,1.2881635260313167,1.9293085216376908,1.2875257132651154,0.9995048666156802,0.9977866290887494,1.304094815226268,1.0123674431646374,1.0552855852868064,1.313132361704908,1.0193832810578929,1.086648147381698,1.3207978670692615,1.025334004866981,1.113249381305801,False,constant,0.27795665535834296,1.7723568133959584
1.03,0.02885340630920518,0.037560509377250154,1.2931896123553863,1.9436000649720397,1.292540674995918,0.9994981885461589,0.9977866290887494,1.3093987716744657,1.012534248005253,1.0552855852868064,1.3185939490975387,1.0196447114169758,1.086648147381698,1.3263931545599212,1.0256756951086692,1.113249381305801,False,constant,0.27795665535834296,1.7723568133959584
1.04,0.038515317220942084,0.037560509377250154,1.298253529366138,1.9579431148234598,1.297593383680061,0.9994915125041877,0.9977866290887494,1.3147426503010007,1.0127010022017144,1.0552855852868064,1.3240966451357667,1.0199060624023464,1.086648147381698,1.3320305570391247,1.026017281608684,1.113249381305801,False,constant,0.27795665535834296,1.7723568133959584
1.05,0.048084768237092804,0.037560509377250154,1.3033551939460328,1.9723366189962326,1.302683756383976,0.9994848391557607,0.9977866290887494,1.320126363393132,1.0128676891188217,1.0552855852868064,1.3296403595000723,1.0201673079419422,1.086648147381698,1.3377099819763223,1.0263587302907637,1.113249381305801,False,constant,0.27795665535834296,1.7723568133959584
1.06,0.05756351219163658,0.037560509377250154,1.3084945239529626,1.9867795368554706,1.307811711147365,0.9994781691531006,0.9977866290887494,1.3255498242674768,1.0130342924653517,1.0552855852868064,1.3352250029308856,1.020428422502809,1.086648147381698,1.3434313379268632,1.0267000077832626,1.113249381305801,False,constant,0.27795665535834296,1.7723568133959584
1.07,0.06695325254147562,0.037560509377250154,1.3136714381996737,2.0012708392710747,1.3129771669626724,0.9994715031347924,0.9977866290887494,1.331012947248297,1.0132007962907292,1.0552855852868064,1.3408504872062281,1.0206893810858841,1.086648147381698,1.3491945345090874,1.0270410814123327,1.113249381305801,False,constant,0.27795665535834296,1.7723568133959584
1.08,0.07625564520378915,0.037560509377250154,1.3188858564338148,2.0158095085606273,1.318180043755175,0.9994648417259183,0.9977866290887494,1.3365156476464428,1.0133671849816464,1.0552855852868064,1.346516725120031,1.0209501592206989,1.086648147381698,1.354999482382115,1.0273819191950009,1.113249381305801,False,constant,0.27795665535834296,1.7723568133959584
1.09,0.08547230030871317,0.037560509377250154,1.3241376993185838,2.0303945384312296,1.3234202623636722,0.9994581855381952,0.9977866290887494,1.3420578417389304,1.0135334432586343,1.0552855852868064,1.3522236304611048,1.0212107329600044,1.086648147381698,1.3608460932242992,1.027722489832142,1.113249381305801,False,constant,0.27795665535834296,1.7723568133959584
1.1,0.09460478387198569,0.037560509377250154,1.3294268884139469,2.0450249339202733,1.3286977445217476,0.9994515351701144,0.9977866290887494,1.3476394467491233,1.0136995561725886,1.0552855852868064,1.3579711179927325,1.021471078874326,1.086648147381698,1.3667342797123214,1.028062762701365,1.113249381305801,False,constant,0.27795665535834296,1.7723568133959584
1.11,0.10365461939190361,0.037560509377250154,1.3347533461584145,2.0596997113351865,1.3340124128395836,0.9994448912070808,0.9977866290887494,1.3532603808274994,1.0138655091012512,1.0552855852868064,1.3637591034328653,1.0217311740464505,1.086648147381698,1.3726639555009015,1.028402707849805,1.113249381305801,False,constant,0.27795665535834296,1.7723568133959584
1.12,0.11262328937466402,0.037560509377250154,1.3401169958513466,2.0744178981921353,1.3393641907863074,0.9994382542215571,0.9977866290887494,1.3589205630329786,1.0140312877456543,1.0552855852868064,1.3695875034348945,1.0219909960658518,1.086648147381698,1.3786350352030994,1.0287422959868389,1.113249381305801,False,constant,0.27795665535834296,1.7723568133959584
1.13,0.12151223679190987,0.037560509377250154,1.3455177616357705,2.089178533153716,1.3447530026728454,0.9994316247732059,0.9977866290887494,1.3646199133147912,1.0141968781265271,1.0552855852868064,1.375456235568981,1.0222505230230583,1.086648147381698,1.3846474343711868,1.0290814984767243,1.113249381305801,False,constant,0.27795665535834296,1.7723568133959584
1.14,0.13032286647406474,0.037560509377250154,1.3509555684816907,2.1039806659656506,1.350178773635272,0.9994250034090375,0.9977866290887494,1.3703583524948648,1.0143622665806695,1.0552855852868064,1.3813652183039198,1.0225097335039715,1.086648147381698,1.3907010694780677,1.029420287331171,1.113249381305801,False,constant,0.27795665535834296,1.7723568133959584
1.15,0.13905654644281937,0.037560509377250154,1.356430342169874,2.1188233573925053,1.355641429618628,0.9994183906635531,0.9977866290887494,1.3761358022507122,1.0145274397572936,1.0552855852868064,1.3873143709895182,1.022768606584131,1.086648147381698,1.3967958578992272,1.0297586352018495,1.113249381305801,False,constant,0.27795665535834296,1.7723568133959584
1.16,0.14771460918593396,0.037560509377250154,1.3619420092760899,2.1337056791524454,1.3611408973611985,0.9994117870588946,0.9977866290887494,1.3819521850988012,1.01469238461434,1.0552855852868064,1.3933036138394723,1.0230271218229416,1.086648147381698,1.4029317178951854,1.0300965153728407,1.113249381305801,False,constant,0.27795665535834296,1.7723568133959584
1.17,0.15629835287732544,0.037560509377250154,1.3674904971557915,2.1486267138510637,1.3666771043792258,0.9994051931049924,0.9977866290887494,1.3878074243783889,1.014857088414767,1.0552855852868064,1.3993328679147201,1.0232852592578572,1.086648147381698,1.4091085685944462,1.0304339017530397,1.113249381305801,False,constant,0.27795665535834296,1.7723568133959584
1.18,0.16480904254523407,0.037560509377250154,1.3730757339292219,2.163585554914295,1.3722499789520497,0.9993986092997149,0.9977866290887494,1.393701444235804,1.0150215387228199,1.0552855852868064,1.4054020551072564,1.0235429993985319,1.086648147381698,1.415326329976914,1.0307707688685073,1.113249381305801,False,constant,0.27795665535834296,1.7723568133959584
1.19,0.17324791119109872,0.037560509377250154,1.3786976484669267,2.1785813065204467,1.3778594501076509,0.999392036129018,0.9977866290887494,1.3996341696091579,1.015185723400277,1.0552855852868064,1.4115110981243912,1.0238003232209414,1.086648147381698,1.4215849228577677,1.0311070918547882,1.113249381305801,False,constant,0.27795665535834296,1.7723568133959584
1.2,0.18161616086161533,0.037560509377250154,1.3843561703756615,2.1936130835313676,1.3835054476085924,0.9993854740670978,0.9977866290887494,1.4056055262134757,1.015349630602685,1.0552855852868064,1.417659920473437,1.024057212161476,1.086648147381698,1.4278842688717723,1.03144284644919,1.113249381305801,False,constant,0.27795665535834296,1.7723568133959584
1.21,0.18991496367631044,0.037560509377250154,1.3900512299846834,2.208680011422797,1.3891879019383377,0.9993789235765396,0.9977866290887494,1.4116154405262253,1.0155132487755718,1.0552855852868064,1.4238484464468089,1.0243136481110109,1.086648147381698,1.4342242904580154,1.0317780089830348,1.113249381305801,False,constant,0.27795665535834296,1.7723568133959584
1.22,0.1981454628128259,0.037560509377250154,1.395782758332402,2.2237812262138945,1.3949067442879346,0.999372385108472,0.9977866290887494,1.4176638397732355,1.0156765666506553,1.0552855852868064,1.430076601107523,1.0245696134089615,1.086648147381698,1.44060491084505,1.0321125563738864,1.113249381305801,False,constant,0.27795665535834296,1.7723568133959584
1.23,0.20630877345198687,0.037560509377250154,1.4015506871533925,2.238915874396012,1.4006619065430546,0.9993658591027178,0.9977866290887494,1.4237506519149872,1.015839573242038,1.0552855852868064,1.4363443102750817,1.0248250908373187,1.086648147381698,1.4470260540364335,1.0324464661177566,1.113249381305801,False,constant,0.27795665535834296,1.7723568133959584
1.24,0.21440598368460623,0.037560509377250154,1.4073549488657453,2.254083112860715,1.406453321271372,0.9993593459879471,0.9977866290887494,1.4298758056332652,1.0160022578423948,1.0552855852868064,1.4426515005117284,1.0250800636146769,1.086648147381698,1.4534876447966472,1.0327797162812995,1.113249381305801,False,constant,0.27795665535834296,1.7723568133959584
1.25,0.2224381553818705,0.037560509377250154,1.4131954765587482,2.269282108827088,1.4122809217102728,0.9993528461818301,0.9977866290887494,1.4360392303181595,1.0161646100191586,1.0552855852868064,1.4489980991090614,1.0253345153902527,1.086648147381698,1.459989608637382,1.0331122854939938,1.113249381305801,False,constant,0.27795665535834296,1.7723568133959584
1.26,0.23040632503104738,0.037560509377250154,1.4190722039808872,2.284512039768363,1.4181446417548822,0.9993463600911899,0.9977866290887494,1.4422408560554025,1.0163266196107013,1.0552855852868064,1.4553840340749962,1.0255884302379008,1.086648147381698,1.466531871804181,1.03344415294032,1.113249381305801,False,constant,0.27795665535834296,1.7723568133959584
1.27,0.23831150453816066,0.037560509377250154,1.424985065528156,2.2997720933378947,1.4240444159464,0.9993398881121556,0.9977866290887494,1.4484806136140318,1.0164882767225125,1.0552855852868064,1.4618092341210602,1.0258417926501255,1.086648147381698,1.4731143612634248,1.0337752983519375,1.113249381305801,False,constant,0.27795665535834296,1.7723568133959584
1.28,0.24615468199918655,0.037560509377250154,1.4309339962326626,2.3150614672945076,1.4299801794607323,0.9993334306303145,0.9977866290887494,1.454758434434368,1.0166495717233848,1.0552855852868064,1.4682736286500147,1.0260945875321008,1.086648147381698,1.479737004689648,1.0341057019998638,1.113249381305801,False,constant,0.27795665535834296,1.7723568133959584
1.29,0.2539368224412415,0.037560509377250154,1.4369189317515256,2.3303793694272663,1.4359518680974124,0.999326988020866,0.9977866290887494,1.461074250616295,1.0168104952415968,1.0552855852868064,1.474777147743786,1.026346800195689,1.086648147381698,1.4863997304531775,1.0344353446866605,1.113249381305801,False,constant,0.27795665535834296,1.7723568133959584
1.3,0.2616588685351518,0.037560509377250154,1.4429398083560476,2.3457250174796775,1.4419594182687976,0.9993205606487723,0.9977866290887494,1.4674279949078377,1.0169710381611063,1.0552855852868064,1.4813197221517034,1.0265984163534738,1.086648147381698,1.4931024676080802,1.0347642077386328,1.113249381305801,False,constant,0.27795665535834296,1.7723568133959584
