corridor,facility,tmc_code,date_local,observed_15min_bins,minimum_speed_mph,mean_speed_mph,mean_s3_flow_vph_link,expected_15min_bins,complete_day
I-95 HOV NB,HOV,110+04658,2025-10-01,96,45.129999999999995,66.20416666666667,2446.132028819378,96,True
I-95 HOV NB,HOV,110+04658,2025-10-02,96,34.93333333333333,63.90267361111111,2463.99944968531,96,True
I-95 HOV NB,HOV,110+04658,2025-10-03,96,32.0,60.39958333333333,2546.3254454197054,96,True
I-95 HOV NB,HOV,110+04658,2025-10-06,96,41.99333333333333,64.8553125,2437.544528221549,96,True
I-95 HOV NB,HOV,110+04658,2025-10-07,96,44.593333333333334,66.56034722222222,2338.4155273580313,96,True
I-95 HOV NB,HOV,110+04658,2025-10-08,96,45.0,65.71350694444445,2406.64070508708,96,True
I-95 HOV NB,HOV,110+04658,2025-10-09,96,32.94,62.77482638888889,2518.409627538333,96,True
I-95 HOV NB,HOV,110+04658,2025-10-10,96,33.57,58.339548611111105,2583.0110453986813,96,True
I-95 HOV NB,HOV,110+04658,2025-10-13,96,30.486666666666665,66.27260416666667,2285.2420512675285,96,True
I-95 HOV NB,HOV,110+04658,2025-10-14,96,38.0,63.38753472222222,2478.6215464781612,96,True
I-95 HOV NB,HOV,110+04658,2025-10-15,96,44.92333333333334,66.20493055555555,2336.431633355736,96,True
I-95 HOV NB,HOV,110+04658,2025-10-16,96,35.763333333333335,63.11222222222222,2484.4733784012865,96,True
I-95 HOV NB,HOV,110+04658,2025-10-17,96,32.72666666666667,60.77243055555556,2522.3233326592094,96,True
I-95 HOV NB,HOV,110+04658,2025-10-20,96,31.929999999999996,62.795069444444444,2423.873169887609,96,True
I-95 HOV NB,HOV,110+04658,2025-10-21,96,39.580000000000005,64.5410763888889,2460.1564643813213,96,True
I-95 HOV NB,HOV,110+04658,2025-10-22,96,50.06666666666666,66.63472222222222,2389.056034362753,96,True
I-95 HOV NB,HOV,110+04658,2025-10-23,96,40.86333333333334,64.77541666666666,2412.998267887889,96,True
I-95 HOV NB,HOV,110+04658,2025-10-24,96,34.32333333333333,60.16954861111111,2568.769714209295,96,True
I-95 HOV NB,HOV,110+04658,2025-10-27,96,20.226666666666667,64.5290625,2472.498687810025,96,True
I-95 HOV NB,HOV,110+04658,2025-10-28,96,39.88,64.09184027777778,2477.603917683355,96,True
I-95 HOV NB,HOV,110+04658,2025-10-29,96,45.92666666666667,66.53607638888889,2363.172840586582,96,True
I-95 HOV NB,HOV,110+04658,2025-10-30,96,43.4,64.91277777777778,2411.506005282686,96,True
I-95 HOV NB,HOV,110+04658,2025-10-31,96,35.946666666666665,62.07541666666666,2572.0362439506503,96,True
I-95 HOV NB,HOV,110+04661,2025-10-01,96,40.0,61.11996527777777,2580.03164096182,96,True
I-95 HOV NB,HOV,110+04661,2025-10-02,96,17.30333333333333,57.82496527777778,2684.595304305302,96,True
I-95 HOV NB,HOV,110+04661,2025-10-03,96,30.0,57.50315972222222,2603.334567318702,96,True
I-95 HOV NB,HOV,110+04661,2025-10-06,96,33.0,62.65774305555556,2462.2712174818294,96,True
I-95 HOV NB,HOV,110+04661,2025-10-07,96,49.92666666666667,64.19388888888889,2523.5047312920856,96,True
I-95 HOV NB,HOV,110+04661,2025-10-08,96,25.793333333333333,57.49673611111111,2786.4206253216894,96,True
I-95 HOV NB,HOV,110+04661,2025-10-09,96,29.0,58.13760416666667,2607.9023600019823,96,True
I-95 HOV NB,HOV,110+04661,2025-10-10,96,25.0,55.06836805555556,2730.174721521549,96,True
I-95 HOV NB,HOV,110+04661,2025-10-13,96,47.64666666666667,68.76184027777778,2065.0552273340804,96,True
I-95 HOV NB,HOV,110+04661,2025-10-14,96,51.0,63.75371527777778,2526.0373395253887,96,True
I-95 HOV NB,HOV,110+04661,2025-10-15,96,40.74333333333333,60.47423611111111,2667.6027710789494,96,True
I-95 HOV NB,HOV,110+04661,2025-10-16,96,19.393333333333334,58.20322916666667,2573.2057932462153,96,True
I-95 HOV NB,HOV,110+04661,2025-10-17,96,19.016666666666666,57.051944444444445,2480.8597839373065,96,True
I-95 HOV NB,HOV,110+04661,2025-10-20,96,15.246666666666668,59.466909722222226,2504.606518549288,96,True
I-95 HOV NB,HOV,110+04661,2025-10-21,96,35.0,62.16538194444445,2595.719540625681,96,True
I-95 HOV NB,HOV,110+04661,2025-10-22,96,33.38,58.92027777777778,2759.259186359794,96,True
I-95 HOV NB,HOV,110+04661,2025-10-23,96,30.0,60.033854166666664,2562.768767486273,96,True
I-95 HOV NB,HOV,110+04661,2025-10-24,96,16.3,57.58444444444444,2559.6760160000854,96,True
I-95 HOV NB,HOV,110+04661,2025-10-27,96,30.256666666666664,59.578611111111115,2551.9777766426146,96,True
I-95 HOV NB,HOV,110+04661,2025-10-28,96,48.843333333333334,63.64736111111111,2543.618994320232,96,True
I-95 HOV NB,HOV,110+04661,2025-10-29,96,34.23666666666667,60.191493055555554,2683.380178740685,96,True
I-95 HOV NB,HOV,110+04661,2025-10-30,96,16.816666666666666,58.87447916666667,2598.3598994744902,96,True
I-95 HOV NB,HOV,110+04661,2025-10-31,96,29.036666666666665,58.31729166666667,2590.1165940013607,96,True
I-95 HOV NB,HOV,110+04662,2025-10-01,96,32.333333333333336,59.85024305555555,2617.75668393571,96,True
I-95 HOV NB,HOV,110+04662,2025-10-02,96,32.0,59.308368055555555,2665.3829403558657,96,True
I-95 HOV NB,HOV,110+04662,2025-10-03,96,27.0,56.08923611111111,2595.801161470386,96,True
I-95 HOV NB,HOV,110+04662,2025-10-06,96,37.13,62.721423611111106,2522.655619844278,96,True
I-95 HOV NB,HOV,110+04662,2025-10-07,96,53.73333333333333,64.77024305555555,2483.0683724050427,96,True
I-95 HOV NB,HOV,110+04662,2025-10-08,96,28.72666666666667,58.307604166666664,2732.4794672738976,96,True
I-95 HOV NB,HOV,110+04662,2025-10-09,96,29.0,58.74736111111111,2585.75718978131,96,True
I-95 HOV NB,HOV,110+04662,2025-10-10,96,24.26,53.361111111111114,2668.5581907422056,96,True
I-95 HOV NB,HOV,110+04662,2025-10-13,96,32.82333333333333,64.84430555555555,2247.8492730661033,96,True
I-95 HOV NB,HOV,110+04662,2025-10-14,96,52.53333333333333,63.79284722222223,2534.0612572402038,96,True
I-95 HOV NB,HOV,110+04662,2025-10-15,96,44.64666666666667,62.025243055555556,2584.0618026168636,96,True
I-95 HOV NB,HOV,110+04662,2025-10-16,96,18.923333333333332,58.82350694444444,2541.226487789999,96,True
I-95 HOV NB,HOV,110+04662,2025-10-17,96,19.86,55.66659722222223,2502.182582397438,96,True
I-95 HOV NB,HOV,110+04662,2025-10-20,96,21.276666666666667,60.12993055555555,2507.9694921517134,96,True
I-95 HOV NB,HOV,110+04662,2025-10-21,96,29.796666666666667,61.112881944444446,2587.3307869905793,96,True
I-95 HOV NB,HOV,110+04662,2025-10-22,96,40.38333333333333,60.74069444444444,2711.1056727633977,96,True
I-95 HOV NB,HOV,110+04662,2025-10-23,96,29.0,59.65045138888889,2573.1658228061183,96,True
I-95 HOV NB,HOV,110+04662,2025-10-24,96,27.0,56.90336805555555,2528.949025776659,96,True
I-95 HOV NB,HOV,110+04662,2025-10-27,96,28.383333333333336,59.78135416666667,2535.81100588083,96,True
I-95 HOV NB,HOV,110+04662,2025-10-28,96,52.0,63.80982638888889,2519.2496153412817,96,True
I-95 HOV NB,HOV,110+04662,2025-10-29,96,41.13666666666666,61.581805555555555,2666.0805258224173,96,True
I-95 HOV NB,HOV,110+04662,2025-10-30,96,30.13,60.05798611111111,2606.73904540489,96,True
I-95 HOV NB,HOV,110+04662,2025-10-31,96,28.0,58.117847222222224,2610.665945227196,96,True
I-95 HOV NB,HOV,110+04666,2025-10-01,96,30.793333333333333,62.78607638888889,3631.609543668512,96,True
I-95 HOV NB,HOV,110+04666,2025-10-02,96,20.456666666666667,58.09576388888889,3654.181772538741,96,True
I-95 HOV NB,HOV,110+04666,2025-10-03,96,19.66,54.75503472222223,3655.316163909698,96,True
I-95 HOV NB,HOV,110+04666,2025-10-06,96,38.46333333333333,64.48607638888889,3513.3308285583357,96,True
I-95 HOV NB,HOV,110+04666,2025-10-07,96,46.18,65.73701388888888,3535.5816705689904,96,True
I-95 HOV NB,HOV,110+04666,2025-10-08,96,33.46333333333333,61.65253472222222,3640.9267353447917,96,True
I-95 HOV NB,HOV,110+04666,2025-10-09,96,22.263333333333332,56.14079861111111,3694.176100603973,96,True
I-95 HOV NB,HOV,110+04666,2025-10-10,96,19.863333333333333,54.58263888888889,3660.2400430849248,96,True
I-95 HOV NB,HOV,110+04666,2025-10-13,96,27.103333333333335,60.864652777777785,3763.089601760152,96,True
I-95 HOV NB,HOV,110+04666,2025-10-14,96,36.733333333333334,63.746006944444446,3661.165255475153,96,True
I-95 HOV NB,HOV,110+04666,2025-10-15,96,34.330000000000005,64.06958333333334,3564.414330779264,96,True
I-95 HOV NB,HOV,110+04666,2025-10-16,96,42.593333333333334,64.41243055555556,3586.3774142187062,96,True
I-95 HOV NB,HOV,110+04666,2025-10-17,96,21.063333333333333,56.62638888888889,3728.562224298908,96,True
I-95 HOV NB,HOV,110+04666,2025-10-20,96,24.993333333333336,60.876666666666665,3683.020010597249,96,True
I-95 HOV NB,HOV,110+04666,2025-10-21,96,29.786666666666665,63.75319444444444,3573.8565674960137,96,True
I-95 HOV NB,HOV,110+04666,2025-10-22,96,40.0,65.24902777777778,3470.492975745385,96,True
I-95 HOV NB,HOV,110+04666,2025-10-23,96,19.49,59.777743055555554,3590.1029081279466,96,True
I-95 HOV NB,HOV,110+04666,2025-10-24,96,19.790000000000003,55.070625,3726.2003016840954,96,True
I-95 HOV NB,HOV,110+04666,2025-10-27,96,23.72,61.4478125,3627.8951624670776,96,True
I-95 HOV NB,HOV,110+04666,2025-10-28,96,32.79666666666667,63.60427083333334,3652.798341275908,96,True
I-95 HOV NB,HOV,110+04666,2025-10-29,96,34.0,63.94076388888889,3531.40068791159,96,True
I-95 HOV NB,HOV,110+04666,2025-10-30,96,37.0,61.37003472222222,3851.589401037625,96,True
I-95 HOV NB,HOV,110+04666,2025-10-31,96,21.13,56.61965277777778,3570.2027871325936,96,True
I-95 HOV NB,HOV,110+04667,2025-10-01,96,27.456666666666667,60.775173611111114,3677.773569570924,96,True
I-95 HOV NB,HOV,110+04667,2025-10-02,96,15.0,55.73947916666666,3781.826453358323,96,True
I-95 HOV NB,HOV,110+04667,2025-10-03,96,23.183333333333334,54.333125,3884.2934285667193,96,True
I-95 HOV NB,HOV,110+04667,2025-10-06,96,28.996666666666666,62.82055555555556,3702.0103360946664,96,True
I-95 HOV NB,HOV,110+04667,2025-10-07,96,37.61,63.27815972222222,3813.8288661330753,96,True
I-95 HOV NB,HOV,110+04667,2025-10-08,96,21.526666666666667,56.76927083333333,3885.9790243740867,96,True
I-95 HOV NB,HOV,110+04667,2025-10-09,96,15.386666666666665,55.11107638888888,3653.2154075105004,96,True
I-95 HOV NB,HOV,110+04667,2025-10-10,96,18.173333333333332,53.40375,3829.2154377187912,96,True
I-95 HOV NB,HOV,110+04667,2025-10-13,96,27.323333333333334,57.84010416666666,3744.368475334241,96,True
I-95 HOV NB,HOV,110+04667,2025-10-14,96,29.923333333333332,61.903645833333336,3727.1872019660173,96,True
I-95 HOV NB,HOV,110+04667,2025-10-15,96,28.836666666666662,61.724756944444444,3801.9939342838916,96,True
I-95 HOV NB,HOV,110+04667,2025-10-16,96,21.0,60.351840277777775,3705.7692685040124,96,True
I-95 HOV NB,HOV,110+04667,2025-10-17,96,25.393333333333334,56.96850694444444,3802.5848476793076,96,True
I-95 HOV NB,HOV,110+04667,2025-10-20,96,14.263333333333334,58.73666666666667,3689.5070748241233,96,True
I-95 HOV NB,HOV,110+04667,2025-10-21,96,23.433333333333334,61.638090277777785,3646.9821794386335,96,True
I-95 HOV NB,HOV,110+04667,2025-10-22,96,25.900000000000002,62.33892361111111,3728.84732168846,96,True
I-95 HOV NB,HOV,110+04667,2025-10-23,96,15.0,55.91861111111111,3757.2788687158213,96,True
I-95 HOV NB,HOV,110+04667,2025-10-24,96,25.376666666666665,54.02420138888889,3882.1256242239847,96,True
I-95 HOV NB,HOV,110+04667,2025-10-27,96,25.326666666666668,61.86440972222223,3650.71882012598,96,True
I-95 HOV NB,HOV,110+04667,2025-10-28,96,37.24666666666667,62.99434027777778,3759.12960493539,96,True
I-95 HOV NB,HOV,110+04667,2025-10-29,96,32.193333333333335,61.056527777777774,3941.932252562645,96,True
I-95 HOV NB,HOV,110+04667,2025-10-30,96,40.660000000000004,60.83138888888889,4033.4091725175367,96,True
I-95 HOV NB,HOV,110+04667,2025-10-31,96,22.396666666666665,56.414340277777775,3833.026062099932,96,True
I-95 HOV NB,HOV,110+04668,2025-10-01,96,40.0,62.867986111111115,3865.0447557754196,96,True
I-95 HOV NB,HOV,110+04668,2025-10-02,96,23.13,61.49899305555556,3851.584145743513,96,True
I-95 HOV NB,HOV,110+04668,2025-10-03,96,32.99666666666667,61.01847222222222,3922.156616144683,96,True
I-95 HOV NB,HOV,110+04668,2025-10-06,96,44.19,65.1521875,3656.905204424415,96,True
I-95 HOV NB,HOV,110+04668,2025-10-07,96,45.0,65.25961805555555,3615.043019524291,96,True
I-95 HOV NB,HOV,110+04668,2025-10-08,96,28.66333333333333,59.652118055555555,3812.363091855766,96,True
I-95 HOV NB,HOV,110+04668,2025-10-09,96,20.326666666666668,60.788402777777776,3736.659524189667,96,True
I-95 HOV NB,HOV,110+04668,2025-10-10,96,22.373333333333335,59.94520833333333,3966.38522288004,96,True
I-95 HOV NB,HOV,110+04668,2025-10-13,96,47.4,64.24170138888888,3718.4973606217304,96,True
I-95 HOV NB,HOV,110+04668,2025-10-14,96,17.48,63.35579861111111,3764.677852509894,96,True
I-95 HOV NB,HOV,110+04668,2025-10-15,96,38.42666666666667,62.997951388888886,3791.878324951607,96,True
I-95 HOV NB,HOV,110+04668,2025-10-16,96,28.189999999999998,62.16527777777778,3746.965637764914,96,True
I-95 HOV NB,HOV,110+04668,2025-10-17,96,39.26,62.13260416666666,3913.4690277466366,96,True
I-95 HOV NB,HOV,110+04668,2025-10-20,96,22.123333333333335,62.54354166666667,3735.968422002712,96,True
I-95 HOV NB,HOV,110+04668,2025-10-21,96,33.53,63.103125,3727.3363017436445,96,True
I-95 HOV NB,HOV,110+04668,2025-10-22,96,42.26,64.88048611111111,3629.0918800778168,96,True
I-95 HOV NB,HOV,110+04668,2025-10-23,96,24.7,61.77184027777778,3750.802960832012,96,True
I-95 HOV NB,HOV,110+04668,2025-10-24,96,34.92,60.56604166666667,4005.1424459467057,96,True
I-95 HOV NB,HOV,110+04668,2025-10-27,96,45.666666666666664,64.74777777777778,3687.504322195902,96,True
I-95 HOV NB,HOV,110+04668,2025-10-28,96,35.78,64.02097222222223,3723.2306785762426,96,True
I-95 HOV NB,HOV,110+04668,2025-10-29,96,44.0,63.612326388888896,3853.849152908351,96,True
I-95 HOV NB,HOV,110+04668,2025-10-30,96,32.86333333333334,63.079652777777774,3827.35181935231,96,True
I-95 HOV NB,HOV,110+04668,2025-10-31,96,30.0,61.812152777777776,3879.4037842014072,96,True
I-95 HOV NB,HOV,110+04669,2025-10-01,96,36.0,59.60371527777778,3862.978005452212,96,True
I-95 HOV NB,HOV,110+04669,2025-10-02,96,42.13333333333333,61.405451388888885,3863.121598449346,96,True
I-95 HOV NB,HOV,110+04669,2025-10-03,96,39.0,61.85131944444444,3799.562408290338,96,True
I-95 HOV NB,HOV,110+04669,2025-10-06,96,42.0,60.87642361111111,3896.2362541074367,96,True
I-95 HOV NB,HOV,110+04669,2025-10-07,96,41.0,61.86694444444444,3831.751539409162,96,True
I-95 HOV NB,HOV,110+04669,2025-10-08,96,36.0,59.12475694444444,3889.0604056729676,96,True
I-95 HOV NB,HOV,110+04669,2025-10-09,96,41.0,60.76871527777778,3906.509200540771,96,True
I-95 HOV NB,HOV,110+04669,2025-10-10,95,25.0,60.02470175438596,3793.4365735033202,96,False
I-95 HOV NB,HOV,110+04669,2025-10-13,96,52.86666666666667,68.18309027777778,3057.251169697836,96,True
I-95 HOV NB,HOV,110+04669,2025-10-14,96,10.833333333333334,58.71680555555556,3907.8447290115114,96,True
I-95 HOV NB,HOV,110+04669,2025-10-15,96,36.0,58.51548611111111,4060.738900109698,96,True
I-95 HOV NB,HOV,110+04669,2025-10-16,96,41.0,61.9140625,3800.8741498340373,96,True
I-95 HOV NB,HOV,110+04669,2025-10-17,96,39.0,61.737291666666664,3804.567255215626,96,True
I-95 HOV NB,HOV,110+04669,2025-10-20,96,42.0,61.02274305555556,3892.1570126335664,96,True
I-95 HOV NB,HOV,110+04669,2025-10-21,96,41.0,61.73135416666667,3821.363792225368,96,True
I-95 HOV NB,HOV,110+04669,2025-10-22,96,36.0,59.78520833333334,3857.9218861065833,96,True
I-95 HOV NB,HOV,110+04669,2025-10-23,96,41.0,61.27677083333333,3867.6937410013634,96,True
I-95 HOV NB,HOV,110+04669,2025-10-24,96,39.0,61.81798611111111,3816.6327723952672,96,True
I-95 HOV NB,HOV,110+04669,2025-10-27,96,42.0,61.42736111111111,3821.8873933850587,96,True
I-95 HOV NB,HOV,110+04669,2025-10-28,96,41.0,62.306354166666665,3808.600164597674,96,True
I-95 HOV NB,HOV,110+04669,2025-10-29,96,38.0,61.077465277777776,3842.989225347217,96,True
I-95 HOV NB,HOV,110+04669,2025-10-30,96,37.0,62.07951388888889,3859.2262434986555,96,True
I-95 HOV NB,HOV,110+04669,2025-10-31,96,39.0,61.583506944444444,3846.8181533592656,96,True
I-95 HOV NB,HOV,110P04660,2025-10-01,96,30.793333333333333,62.110625,2447.723876531682,96,True
I-95 HOV NB,HOV,110P04660,2025-10-02,96,32.18666666666667,60.70878472222222,2568.2274469905824,96,True
I-95 HOV NB,HOV,110P04660,2025-10-03,96,27.573333333333334,56.477152777777775,2668.8178923581504,96,True
I-95 HOV NB,HOV,110P04660,2025-10-06,96,35.0,61.12125,2634.5218034849754,96,True
I-95 HOV NB,HOV,110P04660,2025-10-07,96,44.0,63.19795138888889,2597.2342446462176,96,True
I-95 HOV NB,HOV,110P04660,2025-10-08,96,30.376666666666665,58.80538194444444,2701.277009021582,96,True
I-95 HOV NB,HOV,110P04660,2025-10-09,96,32.126666666666665,58.838125,2631.017464015475,96,True
I-95 HOV NB,HOV,110P04660,2025-10-10,96,24.0,53.482847222222226,2663.6950937978427,96,True
I-95 HOV NB,HOV,110P04660,2025-10-13,96,28.83666666666667,68.51670138888889,2051.988417752648,96,True
I-95 HOV NB,HOV,110P04660,2025-10-14,96,44.0,62.642465277777774,2550.01608023274,96,True
I-95 HOV NB,HOV,110P04660,2025-10-15,96,30.526666666666667,60.808506944444446,2573.825428734935,96,True
I-95 HOV NB,HOV,110P04660,2025-10-16,96,32.346666666666664,58.94027777777777,2606.2628455574845,96,True
I-95 HOV NB,HOV,110P04660,2025-10-17,96,28.0,59.89309027777778,2494.7461915075023,96,True
I-95 HOV NB,HOV,110P04660,2025-10-20,96,35.0,60.51423611111111,2591.057229141668,96,True
I-95 HOV NB,HOV,110P04660,2025-10-21,96,24.570000000000004,61.171458333333334,2581.283890923093,96,True
I-95 HOV NB,HOV,110P04660,2025-10-22,96,31.333333333333332,60.03086805555555,2669.097375437957,96,True
I-95 HOV NB,HOV,110P04660,2025-10-23,96,30.0,61.511631944444446,2534.0380691168853,96,True
I-95 HOV NB,HOV,110P04660,2025-10-24,96,25.86,58.74545138888889,2552.500809325246,96,True
I-95 HOV NB,HOV,110P04660,2025-10-27,96,32.0,59.503993055555554,2561.949664938089,96,True
I-95 HOV NB,HOV,110P04660,2025-10-28,96,44.0,63.69517361111111,2505.0282998889666,96,True
I-95 HOV NB,HOV,110P04660,2025-10-29,96,31.040000000000003,61.274097222222224,2578.8299184080606,96,True
I-95 HOV NB,HOV,110P04660,2025-10-30,96,38.056666666666665,60.58506944444445,2602.126986679992,96,True
I-95 HOV NB,HOV,110P04660,2025-10-31,96,30.0,57.00340277777778,2717.099029629554,96,True
I-95 HOV NB,HOV,110P04661,2025-10-01,96,40.0,61.18986111111111,2598.664210033226,96,True
I-95 HOV NB,HOV,110P04661,2025-10-02,96,22.403333333333336,58.548923611111114,2672.9454972565363,96,True
I-95 HOV NB,HOV,110P04661,2025-10-03,96,30.0,58.07180555555556,2565.044065851731,96,True
I-95 HOV NB,HOV,110P04661,2025-10-06,96,33.0,62.537326388888886,2475.3707222842936,96,True
I-95 HOV NB,HOV,110P04661,2025-10-07,96,51.0,64.66822916666666,2520.7758641867413,96,True
I-95 HOV NB,HOV,110P04661,2025-10-08,96,19.593333333333334,57.88493055555555,2765.7385914237802,96,True
I-95 HOV NB,HOV,110P04661,2025-10-09,96,29.0,58.650104166666665,2605.742285845297,96,True
I-95 HOV NB,HOV,110P04661,2025-10-10,96,25.0,55.04548611111111,2688.0017769690958,96,True
I-95 HOV NB,HOV,110P04661,2025-10-13,96,58.0,69.56215277777777,2028.9133713345793,96,True
I-95 HOV NB,HOV,110P04661,2025-10-14,96,51.0,64.2434375,2497.238937777702,96,True
I-95 HOV NB,HOV,110P04661,2025-10-15,96,40.74333333333333,61.18232638888889,2626.5608243058314,96,True
I-95 HOV NB,HOV,110P04661,2025-10-16,96,23.526666666666667,58.748715277777784,2566.59984185485,96,True
I-95 HOV NB,HOV,110P04661,2025-10-17,96,20.856666666666666,57.0990625,2516.3058459471135,96,True
I-95 HOV NB,HOV,110P04661,2025-10-20,96,13.056666666666667,60.47229166666667,2474.8049239538755,96,True
I-95 HOV NB,HOV,110P04661,2025-10-21,96,35.0,61.81048611111111,2601.223708955245,96,True
I-95 HOV NB,HOV,110P04661,2025-10-22,96,33.38,59.45902777777778,2744.5460177321565,96,True
I-95 HOV NB,HOV,110P04661,2025-10-23,96,30.0,60.244930555555555,2584.9312383751203,96,True
I-95 HOV NB,HOV,110P04661,2025-10-24,96,24.483333333333334,58.06993055555555,2541.496787716115,96,True
I-95 HOV NB,HOV,110P04661,2025-10-27,96,31.53,60.18020833333333,2515.379054240157,96,True
I-95 HOV NB,HOV,110P04661,2025-10-28,96,51.0,63.86944444444444,2555.1432180432007,96,True
I-95 HOV NB,HOV,110P04661,2025-10-29,96,34.23666666666667,60.55489583333334,2692.485185390165,96,True
I-95 HOV NB,HOV,110P04661,2025-10-30,96,35.21333333333333,60.833263888888894,2603.836508400797,96,True
I-95 HOV NB,HOV,110P04661,2025-10-31,96,28.463333333333335,58.93111111111111,2590.985014113057,96,True
I-95 HOV NB,HOV,110P04662,2025-10-01,96,30.97666666666667,61.65802083333333,2512.8317791460195,96,True
I-95 HOV NB,HOV,110P04662,2025-10-02,96,26.19666666666667,57.88413194444445,2423.1627765612616,96,True
I-95 HOV NB,HOV,110P04662,2025-10-03,96,25.593333333333334,56.44645833333333,2529.2077654300642,96,True
I-95 HOV NB,HOV,110P04662,2025-10-06,96,35.29666666666667,62.22159722222222,2539.8487431371955,96,True
I-95 HOV NB,HOV,110P04662,2025-10-07,96,48.666666666666664,65.38440972222223,2433.4623755265766,96,True
I-95 HOV NB,HOV,110P04662,2025-10-08,96,28.526666666666667,60.47263888888889,2553.9210087164324,96,True
I-95 HOV NB,HOV,110P04662,2025-10-09,96,23.253333333333334,59.52534722222222,2461.3553560466416,96,True
I-95 HOV NB,HOV,110P04662,2025-10-10,96,25.373333333333335,55.63902777777778,2580.086548264432,96,True
I-95 HOV NB,HOV,110P04662,2025-10-13,96,25.83666666666667,67.86798611111111,2107.357843887064,96,True
I-95 HOV NB,HOV,110P04662,2025-10-14,96,49.0,65.16739583333333,2411.3477602937896,96,True
I-95 HOV NB,HOV,110P04662,2025-10-15,96,33.846666666666664,64.82295138888888,2376.7474152458462,96,True
I-95 HOV NB,HOV,110P04662,2025-10-16,96,24.483333333333334,59.45677083333334,2375.9757633988092,96,True
I-95 HOV NB,HOV,110P04662,2025-10-17,96,28.0,57.14069444444445,2529.901069745682,96,True
I-95 HOV NB,HOV,110P04662,2025-10-20,96,34.0,61.19493055555555,2507.851821836169,96,True
I-95 HOV NB,HOV,110P04662,2025-10-21,96,49.0,65.249375,2417.887735609386,96,True
I-95 HOV NB,HOV,110P04662,2025-10-22,96,38.45666666666667,64.863125,2406.412089826234,96,True
I-95 HOV NB,HOV,110P04662,2025-10-23,96,25.063333333333333,59.74086805555555,2372.5594071432565,96,True
I-95 HOV NB,HOV,110P04662,2025-10-24,96,25.99,56.405277777777776,2513.4304614218795,96,True
I-95 HOV NB,HOV,110P04662,2025-10-27,96,30.19333333333333,61.471180555555556,2436.027891795236,96,True
I-95 HOV NB,HOV,110P04662,2025-10-28,96,41.156666666666666,64.17194444444443,2482.1608754380454,96,True
I-95 HOV NB,HOV,110P04662,2025-10-29,96,41.41,62.911458333333336,2517.391488291969,96,True
I-95 HOV NB,HOV,110P04662,2025-10-30,96,27.0,61.04694444444444,2541.9108689171258,96,True
I-95 HOV NB,HOV,110P04662,2025-10-31,96,22.459999999999997,55.77375,2504.615417154927,96,True
I-95 HOV NB,HOV,110P04665,2025-10-01,96,41.910000000000004,66.51083333333334,3435.1218657978684,96,True
I-95 HOV NB,HOV,110P04665,2025-10-02,96,31.100000000000005,64.7721875,3473.887451597014,96,True
I-95 HOV NB,HOV,110P04665,2025-10-03,96,16.396666666666665,59.82465277777778,3526.9920600568507,96,True
I-95 HOV NB,HOV,110P04665,2025-10-06,96,47.26666666666667,67.63725694444445,3239.3654768794313,96,True
I-95 HOV NB,HOV,110P04665,2025-10-07,96,44.583333333333336,67.34833333333334,3396.3325813417505,96,True
I-95 HOV NB,HOV,110P04665,2025-10-08,96,40.0,66.30496527777778,3399.8504167319265,96,True
I-95 HOV NB,HOV,110P04665,2025-10-09,96,22.0,62.73305555555555,3460.5806436037587,96,True
I-95 HOV NB,HOV,110P04665,2025-10-10,96,16.063333333333333,58.87909722222222,3547.884985254341,96,True
I-95 HOV NB,HOV,110P04665,2025-10-13,96,25.26,66.61743055555556,3299.7754851032146,96,True
I-95 HOV NB,HOV,110P04665,2025-10-14,96,35.0,65.8865625,3346.3972296440184,96,True
I-95 HOV NB,HOV,110P04665,2025-10-15,96,37.0,64.15517361111111,3564.642880015404,96,True
I-95 HOV NB,HOV,110P04665,2025-10-16,96,41.166666666666664,66.13822916666668,3407.111136476077,96,True
I-95 HOV NB,HOV,110P04665,2025-10-17,96,23.0,59.072986111111106,3687.0798862914285,96,True
I-95 HOV NB,HOV,110P04665,2025-10-20,96,46.0,67.15975694444444,3279.165394583968,96,True
I-95 HOV NB,HOV,110P04665,2025-10-21,96,23.526666666666667,65.06888888888889,3463.3192197988847,96,True
I-95 HOV NB,HOV,110P04665,2025-10-22,96,37.73,66.14076388888888,3471.019059498775,96,True
I-95 HOV NB,HOV,110P04665,2025-10-23,96,19.0,65.2395138888889,3356.521549528598,96,True
I-95 HOV NB,HOV,110P04665,2025-10-24,96,19.666666666666668,60.37437499999999,3616.069200494843,96,True
I-95 HOV NB,HOV,110P04665,2025-10-27,96,44.0,66.345,3408.3862864285406,96,True
I-95 HOV NB,HOV,110P04665,2025-10-28,96,34.0,66.68701388888888,3337.495817368627,96,True
I-95 HOV NB,HOV,110P04665,2025-10-29,96,43.50666666666667,65.87243055555555,3502.8473300234477,96,True
I-95 HOV NB,HOV,110P04665,2025-10-30,96,39.46333333333333,64.72114583333332,3544.7643253418514,96,True
I-95 HOV NB,HOV,110P04665,2025-10-31,96,20.19666666666667,60.24975694444444,3590.1362312157567,96,True
I-95 HOV NB,HOV,110P04666,2025-10-01,96,20.45,60.3071875,3637.846535379113,96,True
I-95 HOV NB,HOV,110P04666,2025-10-02,96,15.073333333333332,54.892430555555556,3715.5789650415495,96,True
I-95 HOV NB,HOV,110P04666,2025-10-03,96,17.91333333333333,52.44107638888889,3720.319058065908,96,True
I-95 HOV NB,HOV,110P04666,2025-10-06,96,20.593333333333334,62.90309027777778,3598.8752774710756,96,True
I-95 HOV NB,HOV,110P04666,2025-10-07,96,43.78666666666667,64.08871527777778,3747.2962455502493,96,True
I-95 HOV NB,HOV,110P04666,2025-10-08,96,17.256666666666664,55.977048611111115,3856.814667863607,96,True
I-95 HOV NB,HOV,110P04666,2025-10-09,96,14.526666666666666,53.18277777777778,3576.259700130993,96,True
I-95 HOV NB,HOV,110P04666,2025-10-10,96,18.376666666666665,51.86347222222222,3754.8893229721416,96,True
I-95 HOV NB,HOV,110P04666,2025-10-13,96,21.30666666666667,55.28677083333333,3680.4913183438944,96,True
I-95 HOV NB,HOV,110P04666,2025-10-14,96,25.459999999999997,61.58847222222223,3748.8339390802334,96,True
I-95 HOV NB,HOV,110P04666,2025-10-15,96,26.243333333333336,61.67225694444445,3807.28304255508,96,True
I-95 HOV NB,HOV,110P04666,2025-10-16,96,23.189999999999998,60.14270833333333,3704.6103374941163,96,True
I-95 HOV NB,HOV,110P04666,2025-10-17,96,18.77,55.645763888888894,3686.7799817265136,96,True
I-95 HOV NB,HOV,110P04666,2025-10-20,96,13.526666666666666,58.65465277777778,3539.9942382042714,96,True
I-95 HOV NB,HOV,110P04666,2025-10-21,96,20.926666666666666,60.69989583333333,3703.8640736220536,96,True
I-95 HOV NB,HOV,110P04666,2025-10-22,96,22.656666666666666,63.10135416666666,3615.3415465898383,96,True
I-95 HOV NB,HOV,110P04666,2025-10-23,96,18.93,54.77579861111111,3745.907161389123,96,True
I-95 HOV NB,HOV,110P04666,2025-10-24,96,19.526666666666667,52.683819444444445,3781.644268137187,96,True
I-95 HOV NB,HOV,110P04666,2025-10-27,96,21.19333333333333,61.26159722222223,3541.8276095917427,96,True
I-95 HOV NB,HOV,110P04666,2025-10-28,96,21.963333333333335,62.172326388888884,3806.406959213371,96,True
I-95 HOV NB,HOV,110P04666,2025-10-29,96,36.580000000000005,61.84138888888889,3941.753525834682,96,True
I-95 HOV NB,HOV,110P04666,2025-10-30,96,34.43666666666667,60.80326388888889,4057.471469726221,96,True
I-95 HOV NB,HOV,110P04666,2025-10-31,96,19.73,56.0478125,3641.520424809933,96,True
I-95 HOV NB,HOV,110P04667,2025-10-01,96,36.833333333333336,61.469097222222224,3915.581360114704,96,True
I-95 HOV NB,HOV,110P04667,2025-10-02,96,22.0,59.63999999999999,3889.3133915662897,96,True
I-95 HOV NB,HOV,110P04667,2025-10-03,96,35.01333333333333,59.626979166666665,3919.790734113861,96,True
I-95 HOV NB,HOV,110P04667,2025-10-06,96,40.526666666666664,63.92541666666667,3734.6321926851347,96,True
I-95 HOV NB,HOV,110P04667,2025-10-07,96,45.6,64.56111111111112,3684.9732230035775,96,True
I-95 HOV NB,HOV,110P04667,2025-10-08,96,28.186666666666667,58.48267361111112,3879.7780487204823,96,True
I-95 HOV NB,HOV,110P04667,2025-10-09,96,21.73,59.12809027777778,3804.349481092437,96,True
I-95 HOV NB,HOV,110P04667,2025-10-10,96,21.19333333333333,58.35260416666667,3942.531427590251,96,True
I-95 HOV NB,HOV,110P04667,2025-10-13,96,33.733333333333334,60.89503472222222,3871.5374664825526,96,True
I-95 HOV NB,HOV,110P04667,2025-10-14,96,42.78666666666667,62.59020833333333,3847.436307186525,96,True
I-95 HOV NB,HOV,110P04667,2025-10-15,96,14.126666666666667,60.527743055555554,3752.8551930706703,96,True
I-95 HOV NB,HOV,110P04667,2025-10-16,96,25.953333333333333,61.59524305555556,3765.092658026641,96,True
I-95 HOV NB,HOV,110P04667,2025-10-17,96,37.906666666666666,60.187222222222225,3934.365464402099,96,True
I-95 HOV NB,HOV,110P04667,2025-10-20,96,18.91333333333333,61.32319444444445,3754.603809008906,96,True
I-95 HOV NB,HOV,110P04667,2025-10-21,96,27.66,62.73861111111111,3743.3566196829797,96,True
I-95 HOV NB,HOV,110P04667,2025-10-22,96,41.903333333333336,63.54791666666667,3714.4497411964944,96,True
I-95 HOV NB,HOV,110P04667,2025-10-23,96,22.923333333333332,60.642500000000005,3802.731625818437,96,True
I-95 HOV NB,HOV,110P04667,2025-10-24,96,35.10666666666666,59.13204861111111,3987.3068145245034,96,True
I-95 HOV NB,HOV,110P04667,2025-10-27,96,40.5,63.57246527777778,3725.248252903714,96,True
I-95 HOV NB,HOV,110P04667,2025-10-28,96,37.0,64.07458333333334,3699.4939786487353,96,True
I-95 HOV NB,HOV,110P04667,2025-10-29,96,35.13,62.18638888888889,3894.647896408762,96,True
I-95 HOV NB,HOV,110P04667,2025-10-30,96,44.06,62.528576388888894,3870.7045386869727,96,True
I-95 HOV NB,HOV,110P04667,2025-10-31,96,31.793333333333333,59.86996527777777,3900.0078602861945,96,True
I-95 HOV NB,HOV,110P04668,2025-10-01,96,35.0,59.72548611111111,3900.2138127408602,96,True
I-95 HOV NB,HOV,110P04668,2025-10-02,96,26.596666666666664,59.1721875,3876.6693135182286,96,True
I-95 HOV NB,HOV,110P04668,2025-10-03,96,33.0,58.97267361111111,3843.2691464982013,96,True
I-95 HOV NB,HOV,110P04668,2025-10-06,96,42.0,61.33958333333334,3924.937385919769,96,True
I-95 HOV NB,HOV,110P04668,2025-10-07,96,40.0,61.55524305555556,3859.6045396682134,96,True
I-95 HOV NB,HOV,110P04668,2025-10-08,96,30.0,58.026354166666664,3841.917956632226,96,True
I-95 HOV NB,HOV,110P04668,2025-10-09,96,27.66333333333333,59.27659722222222,3824.4509102257202,96,True
I-95 HOV NB,HOV,110P04668,2025-10-10,95,31.67,58.24238596491228,3903.5858774293392,96,False
I-95 HOV NB,HOV,110P04668,2025-10-13,96,6.0,50.57045138888889,3356.891982356877,96,True
I-95 HOV NB,HOV,110P04668,2025-10-14,96,10.706666666666665,58.543125,3887.8912079223664,96,True
I-95 HOV NB,HOV,110P04668,2025-10-15,96,29.53,58.88597222222222,3902.785843821826,96,True
I-95 HOV NB,HOV,110P04668,2025-10-16,96,26.820000000000004,60.22267361111111,3781.639904411106,96,True
I-95 HOV NB,HOV,110P04668,2025-10-17,96,34.03333333333333,58.61989583333334,3989.5492446450903,96,True
I-95 HOV NB,HOV,110P04668,2025-10-20,96,30.0,60.487187500000005,3874.8512733821262,96,True
I-95 HOV NB,HOV,110P04668,2025-10-21,96,33.053333333333335,60.72128472222223,3874.6323534308353,96,True
I-95 HOV NB,HOV,110P04668,2025-10-22,96,28.49,59.174375,3865.1218552550727,96,True
I-95 HOV NB,HOV,110P04668,2025-10-23,96,28.0,59.56527777777777,3827.868487262164,96,True
I-95 HOV NB,HOV,110P04668,2025-10-24,96,34.0,58.76701388888889,3886.332977167977,96,True
I-95 HOV NB,HOV,110P04668,2025-10-27,96,42.0,62.00371527777778,3862.0513497284587,96,True
I-95 HOV NB,HOV,110P04668,2025-10-28,96,37.25666666666667,62.35791666666666,3826.334414305358,96,True
I-95 HOV NB,HOV,110P04668,2025-10-29,96,30.0,58.2525,3840.014597521263,96,True
I-95 HOV NB,HOV,110P04668,2025-10-30,96,28.0,58.630763888888886,3842.1414433702553,96,True
I-95 HOV NB,HOV,110P04668,2025-10-31,96,33.0,58.40892361111111,3927.812347785053,96,True
I-95 NB,GP,110+04147,2025-10-01,96,41.84,67.11607638888889,4347.381894382163,96,True
I-95 NB,GP,110+04147,2025-10-02,96,32.76333333333333,64.84423611111112,4477.1929343004595,96,True
I-95 NB,GP,110+04147,2025-10-03,96,19.51,58.910555555555554,4491.304427489972,96,True
I-95 NB,GP,110+04147,2025-10-06,96,46.81333333333333,68.90645833333333,3977.2475360365265,96,True
I-95 NB,GP,110+04147,2025-10-07,96,52.910000000000004,68.69111111111111,3997.972870954985,96,True
I-95 NB,GP,110+04147,2025-10-08,96,30.08,64.24298611111111,4361.615517293123,96,True
I-95 NB,GP,110+04147,2025-10-09,96,20.223333333333333,58.49006944444445,4615.7568893840125,96,True
I-95 NB,GP,110+04147,2025-10-10,96,10.703333333333333,52.3121875,4467.715659265962,96,True
I-95 NB,GP,110+04147,2025-10-13,96,16.573333333333334,58.70541666666667,4388.188153985167,96,True
I-95 NB,GP,110+04147,2025-10-14,96,45.419999999999995,67.72621527777777,4367.059156738674,96,True
I-95 NB,GP,110+04147,2025-10-15,96,24.22,66.92746527777778,4337.8081179996525,96,True
I-95 NB,GP,110+04147,2025-10-16,96,10.686666666666667,60.726979166666666,4437.6646197939335,96,True
I-95 NB,GP,110+04147,2025-10-17,96,24.883333333333336,60.250590277777775,4584.531652609937,96,True
I-95 NB,GP,110+04147,2025-10-20,96,10.18,60.258472222222224,4104.049581961154,96,True
I-95 NB,GP,110+04147,2025-10-21,96,27.343333333333334,66.83954861111111,4143.315051685521,96,True
I-95 NB,GP,110+04147,2025-10-22,96,43.21666666666667,69.310625,3832.274455794097,96,True
I-95 NB,GP,110+04147,2025-10-23,96,22.326666666666664,63.25920138888889,4230.473757828697,96,True
I-95 NB,GP,110+04147,2025-10-24,96,18.51,58.069826388888885,4620.0126572314575,96,True
I-95 NB,GP,110+04147,2025-10-27,96,51.699999999999996,68.87579861111111,4033.752801077602,96,True
I-95 NB,GP,110+04147,2025-10-28,96,54.95333333333334,68.5646875,4102.868651602507,96,True
I-95 NB,GP,110+04147,2025-10-29,96,28.060000000000002,66.47829861111111,4445.035228678297,96,True
I-95 NB,GP,110+04147,2025-10-30,96,6.743333333333333,62.91190972222222,4339.380025570719,96,True
I-95 NB,GP,110+04147,2025-10-31,96,30.026666666666667,66.26986111111111,4269.575696677068,96,True
I-95 NB,GP,110+04148,2025-10-01,96,38.70666666666667,65.95468749999999,4692.932492643109,96,True
I-95 NB,GP,110+04148,2025-10-02,96,35.56333333333333,63.05399305555556,4735.67420913382,96,True
I-95 NB,GP,110+04148,2025-10-03,96,29.44333333333333,58.96736111111111,4897.328408406846,96,True
I-95 NB,GP,110+04148,2025-10-06,96,35.36333333333334,67.2779861111111,4258.123121921911,96,True
I-95 NB,GP,110+04148,2025-10-07,96,29.496666666666666,65.60652777777777,4483.092645248708,96,True
I-95 NB,GP,110+04148,2025-10-08,96,37.18,64.0964236111111,4744.943600493978,96,True
I-95 NB,GP,110+04148,2025-10-09,96,27.423333333333336,59.221354166666664,5058.689535342357,96,True
I-95 NB,GP,110+04148,2025-10-10,96,26.363333333333333,55.64347222222222,5061.810455004172,96,True
I-95 NB,GP,110+04148,2025-10-13,96,23.546666666666667,57.96465277777778,4754.902868357635,96,True
I-95 NB,GP,110+04148,2025-10-14,96,48.01666666666667,66.50996527777778,4756.162678680142,96,True
I-95 NB,GP,110+04148,2025-10-15,96,28.99,65.47197916666667,4703.815303614637,96,True
I-95 NB,GP,110+04148,2025-10-16,96,32.830000000000005,61.344027777777775,4910.575285231017,96,True
I-95 NB,GP,110+04148,2025-10-17,96,30.209999999999997,59.584409722222226,4856.244059661577,96,True
I-95 NB,GP,110+04148,2025-10-20,96,10.836666666666668,57.475277777777784,4428.097285442108,96,True
I-95 NB,GP,110+04148,2025-10-21,96,15.37,60.918194444444445,4575.399453906951,96,True
I-95 NB,GP,110+04148,2025-10-22,96,46.373333333333335,67.72572916666667,4386.536052105222,96,True
I-95 NB,GP,110+04148,2025-10-23,96,31.03,62.56395833333334,4675.287802319748,96,True
I-95 NB,GP,110+04148,2025-10-24,96,32.92666666666667,59.72479166666667,5025.579872234263,96,True
I-95 NB,GP,110+04148,2025-10-27,96,50.77,68.04048611111111,4395.812039246819,96,True
I-95 NB,GP,110+04148,2025-10-28,96,44.64000000000001,67.2625,4562.3745159629225,96,True
I-95 NB,GP,110+04148,2025-10-29,96,48.296666666666674,66.28336805555556,4838.841380661526,96,True
I-95 NB,GP,110+04148,2025-10-30,96,8.74,61.64684027777778,4827.272500442131,96,True
I-95 NB,GP,110+04148,2025-10-31,96,34.666666666666664,63.41128472222223,4703.735424031903,96,True
I-95 NB,GP,110+04150,2025-10-01,96,18.893333333333334,63.93118055555556,3196.939516601779,96,True
I-95 NB,GP,110+04150,2025-10-02,96,44.343333333333334,67.2703125,3024.149113273665,96,True
I-95 NB,GP,110+04150,2025-10-03,96,11.54,53.12979166666667,3059.1401310023316,96,True
I-95 NB,GP,110+04150,2025-10-06,96,39.86,68.14378472222222,2766.241241766928,96,True
I-95 NB,GP,110+04150,2025-10-07,96,11.04,63.76645833333333,2884.9188838456594,96,True
I-95 NB,GP,110+04150,2025-10-08,96,16.563333333333333,61.045034722222226,3183.1657713698555,96,True
I-95 NB,GP,110+04150,2025-10-09,96,13.700000000000001,52.80256944444444,3139.2925551773787,96,True
I-95 NB,GP,110+04150,2025-10-10,96,13.26,52.51128472222222,3095.809051166112,96,True
I-95 NB,GP,110+04150,2025-10-13,96,12.446666666666667,53.791493055555556,3002.6301000440726,96,True
I-95 NB,GP,110+04150,2025-10-14,96,41.449999999999996,66.72100694444444,3137.1931405779437,96,True
I-95 NB,GP,110+04150,2025-10-15,96,52.580000000000005,67.56559027777779,3023.972762349151,96,True
I-95 NB,GP,110+04150,2025-10-16,96,16.153333333333332,61.86888888888888,3201.438363937136,96,True
I-95 NB,GP,110+04150,2025-10-17,96,13.833333333333334,54.19642361111111,3072.734799871288,96,True
I-95 NB,GP,110+04150,2025-10-20,96,8.593333333333334,62.531041666666674,2876.068435593563,96,True
I-95 NB,GP,110+04150,2025-10-21,96,6.246666666666666,58.50145833333334,2904.6827336034453,96,True
I-95 NB,GP,110+04150,2025-10-22,96,44.27333333333333,67.94333333333334,2827.7711538787808,96,True
I-95 NB,GP,110+04150,2025-10-23,96,18.686666666666667,65.16600694444445,3171.9058668952134,96,True
I-95 NB,GP,110+04150,2025-10-24,96,10.026666666666666,57.75177083333333,3211.8782939865055,96,True
I-95 NB,GP,110+04150,2025-10-27,96,11.956666666666665,64.37763888888888,2879.3367708784335,96,True
I-95 NB,GP,110+04150,2025-10-28,96,18.496666666666666,66.04809027777777,3080.5988983607153,96,True
I-95 NB,GP,110+04150,2025-10-29,96,15.543333333333335,65.97538194444444,3179.741783531869,96,True
I-95 NB,GP,110+04150,2025-10-30,96,14.706666666666665,63.33805555555555,3194.092857383661,96,True
I-95 NB,GP,110+04150,2025-10-31,96,21.590000000000003,66.36003472222222,2986.8673397776915,96,True
I-95 NB,GP,110+04151,2025-10-01,96,15.426666666666668,52.41538194444445,5385.167605855978,96,True
I-95 NB,GP,110+04151,2025-10-02,96,20.623333333333335,56.33739583333334,5420.973359598126,96,True
I-95 NB,GP,110+04151,2025-10-03,96,10.9,44.74885416666667,5105.495029519977,96,True
I-95 NB,GP,110+04151,2025-10-06,96,14.37,62.53371527777778,5065.14960516377,96,True
I-95 NB,GP,110+04151,2025-10-07,96,20.44333333333333,62.75888888888889,5102.2771892336905,96,True
I-95 NB,GP,110+04151,2025-10-08,96,16.963333333333335,54.633125,5177.288401044948,96,True
I-95 NB,GP,110+04151,2025-10-09,96,17.726666666666667,46.49989583333333,5084.782144248459,96,True
I-95 NB,GP,110+04151,2025-10-10,96,18.173333333333336,48.62107638888889,5239.669997101818,96,True
I-95 NB,GP,110+04151,2025-10-13,96,17.293333333333333,51.621493055555554,5079.329285724028,96,True
I-95 NB,GP,110+04151,2025-10-14,96,16.23,60.6428125,5230.506335666176,96,True
I-95 NB,GP,110+04151,2025-10-15,96,19.953333333333333,59.56399305555556,5309.847873001221,96,True
I-95 NB,GP,110+04151,2025-10-16,96,18.06,52.31482638888889,5161.964595004011,96,True
I-95 NB,GP,110+04151,2025-10-17,96,17.896666666666665,48.87982638888889,5305.650375470496,96,True
I-95 NB,GP,110+04151,2025-10-20,96,17.503333333333334,58.60736111111111,5105.728962911947,96,True
I-95 NB,GP,110+04151,2025-10-21,96,8.296666666666667,54.2134375,4971.910667385832,96,True
I-95 NB,GP,110+04151,2025-10-22,96,17.599999999999998,60.49322916666667,5082.22962955321,96,True
I-95 NB,GP,110+04151,2025-10-23,96,21.180000000000003,56.78451388888889,5352.075538435209,96,True
I-95 NB,GP,110+04151,2025-10-24,96,9.666666666666666,49.02770833333333,5233.101609081986,96,True
I-95 NB,GP,110+04151,2025-10-27,96,14.416666666666666,56.552013888888894,5066.609915377267,96,True
I-95 NB,GP,110+04151,2025-10-28,96,14.020000000000001,58.8128125,5248.106924446378,96,True
I-95 NB,GP,110+04151,2025-10-29,96,7.836666666666667,59.84479166666667,5348.115827180918,96,True
I-95 NB,GP,110+04151,2025-10-30,96,13.99,59.178958333333334,5392.886596131729,96,True
I-95 NB,GP,110+04151,2025-10-31,96,23.223333333333333,58.16548611111111,5374.930196905391,96,True
I-95 NB,GP,110+04152,2025-10-01,96,26.30666666666667,50.53583333333333,5499.675321359653,96,True
I-95 NB,GP,110+04152,2025-10-02,96,28.72666666666667,51.683125,5536.840045713742,96,True
I-95 NB,GP,110+04152,2025-10-03,96,26.310000000000002,50.0659375,5528.759879163761,96,True
I-95 NB,GP,110+04152,2025-10-06,96,26.013333333333332,57.009618055555556,5399.647740136017,96,True
I-95 NB,GP,110+04152,2025-10-07,96,32.24,62.09461805555555,5408.363429079142,96,True
I-95 NB,GP,110+04152,2025-10-08,96,27.223333333333333,54.71621527777777,5522.858887901267,96,True
I-95 NB,GP,110+04152,2025-10-09,96,24.483333333333334,48.22090277777778,5466.887997778255,96,True
I-95 NB,GP,110+04152,2025-10-10,96,28.05,47.8128125,5642.478994823719,96,True
I-95 NB,GP,110+04152,2025-10-13,96,27.97666666666667,54.19871527777778,5304.766559544217,96,True
I-95 NB,GP,110+04152,2025-10-14,96,33.836666666666666,60.806666666666665,5468.846129507343,96,True
I-95 NB,GP,110+04152,2025-10-15,96,27.36,55.24302083333333,5517.475567876194,96,True
I-95 NB,GP,110+04152,2025-10-16,96,24.49666666666667,51.70163194444444,5447.526991403566,96,True
I-95 NB,GP,110+04152,2025-10-17,96,26.150000000000002,48.79958333333334,5608.84411748107,96,True
I-95 NB,GP,110+04152,2025-10-20,96,24.22666666666667,57.109722222222224,5312.83853468452,96,True
I-95 NB,GP,110+04152,2025-10-21,96,30.87,58.764965277777776,5467.093914420496,96,True
I-95 NB,GP,110+04152,2025-10-22,96,30.78666666666666,59.60034722222222,5408.995949886345,96,True
I-95 NB,GP,110+04152,2025-10-23,96,26.373333333333335,53.02395833333333,5564.089806103945,96,True
I-95 NB,GP,110+04152,2025-10-24,96,24.429999999999996,48.98854166666666,5605.388105982375,96,True
I-95 NB,GP,110+04152,2025-10-27,96,30.883333333333336,58.98350694444445,5395.50191072112,96,True
I-95 NB,GP,110+04152,2025-10-28,96,31.463333333333335,58.56145833333333,5507.60830518129,96,True
I-95 NB,GP,110+04152,2025-10-29,96,9.28,59.384375,5551.249817599325,96,True
I-95 NB,GP,110+04152,2025-10-30,96,31.236666666666668,59.02194444444444,5718.352964621167,96,True
I-95 NB,GP,110+04152,2025-10-31,96,28.536666666666665,52.75565972222222,5491.285758362305,96,True
I-95 NB,GP,110+04154,2025-10-01,96,16.673333333333332,61.900416666666665,6381.6933494933955,96,True
I-95 NB,GP,110+04154,2025-10-02,96,29.333333333333332,64.27916666666667,6757.451507507052,96,True
I-95 NB,GP,110+04154,2025-10-03,96,39.31,64.5115625,6744.548201820442,96,True
I-95 NB,GP,110+04154,2025-10-06,96,23.25666666666667,65.47006944444445,6129.556075612524,96,True
I-95 NB,GP,110+04154,2025-10-07,96,22.53333333333333,65.05059027777777,6081.845895423411,96,True
I-95 NB,GP,110+04154,2025-10-08,96,14.766666666666666,61.94274305555555,6492.160368684239,96,True
I-95 NB,GP,110+04154,2025-10-09,96,16.83,58.2409375,6792.229068565095,96,True
I-95 NB,GP,110+04154,2025-10-10,96,7.89,58.46527777777778,6852.250333266231,96,True
I-95 NB,GP,110+04154,2025-10-13,96,19.433333333333334,60.48739583333333,6771.205352616534,96,True
I-95 NB,GP,110+04154,2025-10-14,96,14.923333333333334,60.301180555555554,6506.285621070784,96,True
I-95 NB,GP,110+04154,2025-10-15,96,19.213333333333335,63.47913194444445,6545.07348433712,96,True
I-95 NB,GP,110+04154,2025-10-16,96,22.24666666666667,63.37590277777778,6613.204526779212,96,True
I-95 NB,GP,110+04154,2025-10-17,96,27.8,62.83583333333333,6909.98410781943,96,True
I-95 NB,GP,110+04154,2025-10-20,96,9.48,63.29652777777778,6427.438073482128,96,True
I-95 NB,GP,110+04154,2025-10-21,96,12.216666666666667,61.54361111111111,6308.554203223288,96,True
I-95 NB,GP,110+04154,2025-10-22,96,19.22,63.71510416666666,6334.868879385963,96,True
I-95 NB,GP,110+04154,2025-10-23,96,17.62,62.866458333333334,6610.188296517071,96,True
I-95 NB,GP,110+04154,2025-10-24,96,18.37,59.65736111111111,6893.455967047467,96,True
I-95 NB,GP,110+04154,2025-10-27,96,31.843333333333334,65.20722222222223,6305.502062065902,96,True
I-95 NB,GP,110+04154,2025-10-28,96,25.33666666666667,63.85274305555556,6437.727199166125,96,True
I-95 NB,GP,110+04154,2025-10-29,96,14.796666666666667,63.132083333333334,6599.489306316001,96,True
I-95 NB,GP,110+04154,2025-10-30,96,41.89666666666667,65.22270833333333,6639.2100734992055,96,True
I-95 NB,GP,110+04154,2025-10-31,96,22.423333333333332,62.86940972222222,6553.713362910227,96,True
I-95 NB,GP,110+04155,2025-10-01,96,18.483333333333334,54.84604166666667,7322.418044226065,96,True
I-95 NB,GP,110+04155,2025-10-02,96,14.626666666666665,52.52767361111111,7330.396265248757,96,True
I-95 NB,GP,110+04155,2025-10-03,96,16.3,48.32180555555556,7296.866511845452,96,True
I-95 NB,GP,110+04155,2025-10-06,96,22.853333333333335,61.5971875,7139.905401754983,96,True
I-95 NB,GP,110+04155,2025-10-07,96,25.956666666666667,61.64395833333333,7166.861683959271,96,True
I-95 NB,GP,110+04155,2025-10-08,96,21.08,55.05486111111111,7414.066581510012,96,True
I-95 NB,GP,110+04155,2025-10-09,96,16.45,47.28680555555556,7071.8122464944,96,True
I-95 NB,GP,110+04155,2025-10-10,96,6.8500000000000005,44.80670138888889,6948.772611834976,96,True
I-95 NB,GP,110+04155,2025-10-13,96,17.426666666666666,53.68118055555556,7046.8007957223135,96,True
I-95 NB,GP,110+04155,2025-10-14,96,17.42,57.790034722222224,7199.637696207489,96,True
I-95 NB,GP,110+04155,2025-10-15,96,23.900000000000002,60.033854166666664,7283.9557466867145,96,True
I-95 NB,GP,110+04155,2025-10-16,96,25.64,59.874652777777776,7384.340167598352,96,True
I-95 NB,GP,110+04155,2025-10-17,96,17.05,52.18385416666666,7260.216415865497,96,True
I-95 NB,GP,110+04155,2025-10-20,96,12.68,57.01159722222223,7115.111861784305,96,True
I-95 NB,GP,110+04155,2025-10-21,96,21.723333333333333,59.27954861111112,7235.73187241856,96,True
I-95 NB,GP,110+04155,2025-10-22,96,20.343333333333334,60.314340277777774,7152.93892415014,96,True
I-95 NB,GP,110+04155,2025-10-23,96,17.546666666666667,53.900173611111114,7291.690332161398,96,True
I-95 NB,GP,110+04155,2025-10-24,96,15.486666666666665,48.84305555555556,7140.062680987194,96,True
I-95 NB,GP,110+04155,2025-10-27,96,22.310000000000002,59.54586805555556,7032.598037357143,96,True
I-95 NB,GP,110+04155,2025-10-28,96,23.933333333333334,59.03003472222222,7284.493807683854,96,True
I-95 NB,GP,110+04155,2025-10-29,96,23.87,60.443125,7423.391046163707,96,True
I-95 NB,GP,110+04155,2025-10-30,96,28.150000000000002,60.40100694444445,7476.361431496847,96,True
I-95 NB,GP,110+04155,2025-10-31,96,15.270000000000001,55.65538194444445,7046.51911150246,96,True
I-95 NB,GP,110+04156,2025-10-01,96,10.543333333333335,49.62576388888889,7804.955706108685,96,True
I-95 NB,GP,110+04156,2025-10-02,96,9.28,49.36295138888889,7761.353156199938,96,True
I-95 NB,GP,110+04156,2025-10-03,96,25.733333333333334,47.38472222222222,7815.246868431884,96,True
I-95 NB,GP,110+04156,2025-10-06,96,29.24,56.33447916666666,7830.147092743424,96,True
I-95 NB,GP,110+04156,2025-10-07,96,27.143333333333334,56.25357638888889,7952.413024936003,96,True
I-95 NB,GP,110+04156,2025-10-08,96,18.81,48.323923611111105,7847.816465428227,96,True
I-95 NB,GP,110+04156,2025-10-09,96,16.003333333333334,46.76861111111111,7660.059297407371,96,True
I-95 NB,GP,110+04156,2025-10-10,96,5.1866666666666665,44.37104166666666,7514.117955253245,96,True
I-95 NB,GP,110+04156,2025-10-13,96,28.953333333333333,51.713541666666664,7994.180075843651,96,True
I-95 NB,GP,110+04156,2025-10-14,96,18.86,51.87746527777778,7931.117475979318,96,True
I-95 NB,GP,110+04156,2025-10-15,96,25.413333333333338,52.505972222222226,7950.534509411779,96,True
I-95 NB,GP,110+04156,2025-10-16,96,17.303333333333335,50.555972222222216,7813.279781134329,96,True
I-95 NB,GP,110+04156,2025-10-17,96,26.926666666666666,48.96256944444445,7867.357997487415,96,True
I-95 NB,GP,110+04156,2025-10-20,96,10.926666666666668,53.09493055555556,7889.338196912187,96,True
I-95 NB,GP,110+04156,2025-10-21,96,25.97666666666667,54.63583333333333,7978.082655174341,96,True
I-95 NB,GP,110+04156,2025-10-22,96,25.323333333333334,54.12444444444444,7895.848969483053,96,True
I-95 NB,GP,110+04156,2025-10-23,96,20.58,48.14819444444444,7792.68754642241,96,True
I-95 NB,GP,110+04156,2025-10-24,96,26.676666666666666,48.14934027777778,7803.58088586148,96,True
I-95 NB,GP,110+04156,2025-10-27,96,25.486666666666665,54.806562500000005,7776.517261686592,96,True
I-95 NB,GP,110+04156,2025-10-28,96,27.833333333333332,54.478437500000005,7923.918895002502,96,True
I-95 NB,GP,110+04156,2025-10-29,96,23.74,53.923715277777774,8132.815674502944,96,True
I-95 NB,GP,110+04156,2025-10-30,96,27.650000000000002,53.90277777777778,8191.4684798160315,96,True
I-95 NB,GP,110+04156,2025-10-31,96,24.429999999999996,51.10218749999999,7788.408600846713,96,True
I-95 NB,GP,110+04157,2025-10-01,96,14.81,54.97774305555556,7676.212844248399,96,True
I-95 NB,GP,110+04157,2025-10-02,96,26.46666666666667,57.099375,7731.028480339318,96,True
I-95 NB,GP,110+04157,2025-10-03,96,34.89333333333334,56.96743055555555,7858.780832022982,96,True
I-95 NB,GP,110+04157,2025-10-06,96,38.1,60.729513888888896,7503.485595101898,96,True
I-95 NB,GP,110+04157,2025-10-07,96,36.06333333333333,60.61864583333334,7677.445908725928,96,True
I-95 NB,GP,110+04157,2025-10-08,96,26.793333333333333,54.652638888888895,7758.697452253076,96,True
I-95 NB,GP,110+04157,2025-10-09,96,16.953333333333333,53.9296875,7609.678611069498,96,True
I-95 NB,GP,110+04157,2025-10-10,96,6.8566666666666665,53.073993055555555,7537.367507116123,96,True
I-95 NB,GP,110+04157,2025-10-13,96,43.27333333333333,58.932291666666664,7916.306259384203,96,True
I-95 NB,GP,110+04157,2025-10-14,96,24.09,57.46534722222222,7738.328034610229,96,True
I-95 NB,GP,110+04157,2025-10-15,96,30.686666666666667,56.95065972222222,7780.05181627045,96,True
I-95 NB,GP,110+04157,2025-10-16,96,18.106666666666666,54.86454861111111,7714.530853492996,96,True
I-95 NB,GP,110+04157,2025-10-17,96,34.72666666666667,56.98878472222222,7929.403460145712,96,True
I-95 NB,GP,110+04157,2025-10-20,96,12.089999999999998,58.34760416666666,7638.472573063665,96,True
I-95 NB,GP,110+04157,2025-10-21,96,30.416666666666668,59.14347222222222,7644.932394297852,96,True
I-95 NB,GP,110+04157,2025-10-22,96,28.91333333333333,59.11809027777778,7652.961471752821,96,True
I-95 NB,GP,110+04157,2025-10-23,96,20.896666666666665,53.46937499999999,7728.715889174804,96,True
I-95 NB,GP,110+04157,2025-10-24,96,33.223333333333336,56.47645833333333,7918.733084633549,96,True
I-95 NB,GP,110+04157,2025-10-27,96,34.43,60.10777777777778,7490.906930904156,96,True
I-95 NB,GP,110+04157,2025-10-28,96,36.053333333333335,59.28795138888889,7672.054611967695,96,True
I-95 NB,GP,110+04157,2025-10-29,96,33.49,58.983923611111116,7879.655947713322,96,True
I-95 NB,GP,110+04157,2025-10-30,96,32.31666666666667,57.69878472222222,7897.094779886257,96,True
I-95 NB,GP,110+04157,2025-10-31,96,29.919999999999998,57.714166666666664,7734.868257613006,96,True
I-95 NB,GP,110+04158,2025-10-01,96,13.903333333333334,52.73142361111112,8166.954999522089,96,True
I-95 NB,GP,110+04158,2025-10-02,96,38.63333333333333,55.62708333333333,8389.094412460187,96,True
I-95 NB,GP,110+04158,2025-10-03,96,33.843333333333334,55.1721875,8349.634501095945,96,True
I-95 NB,GP,110+04158,2025-10-06,96,36.49666666666667,58.09378472222222,8150.225829299295,96,True
I-95 NB,GP,110+04158,2025-10-07,96,28.703333333333333,57.595,8208.234395264271,96,True
I-95 NB,GP,110+04158,2025-10-08,96,26.963333333333335,53.04131944444445,8303.763373352034,96,True
I-95 NB,GP,110+04158,2025-10-09,96,24.143333333333334,52.95249999999999,8225.835662263822,96,True
I-95 NB,GP,110+04158,2025-10-10,96,16.58666666666667,51.48725694444445,8168.481272613969,96,True
I-95 NB,GP,110+04158,2025-10-13,96,42.38333333333333,56.447847222222215,8362.197909223276,96,True
I-95 NB,GP,110+04158,2025-10-14,96,23.166666666666668,54.81024305555556,8344.566745140959,96,True
I-95 NB,GP,110+04158,2025-10-15,96,26.526666666666667,55.599513888888886,8208.495308113872,96,True
I-95 NB,GP,110+04158,2025-10-16,96,19.0,53.18163194444444,8265.527236699958,96,True
I-95 NB,GP,110+04158,2025-10-17,96,38.28,55.44142361111111,8359.296542750553,96,True
I-95 NB,GP,110+04158,2025-10-20,96,34.093333333333334,56.140347222222225,8336.07176501943,96,True
I-95 NB,GP,110+04158,2025-10-21,96,34.78333333333333,57.339548611111105,8275.902407131025,96,True
I-95 NB,GP,110+04158,2025-10-22,96,33.85666666666666,56.97444444444445,8248.998641381386,96,True
I-95 NB,GP,110+04158,2025-10-23,96,28.683333333333334,53.770624999999995,8336.818793695804,96,True
I-95 NB,GP,110+04158,2025-10-24,96,35.01333333333333,55.66416666666667,8335.315370336464,96,True
I-95 NB,GP,110+04158,2025-10-27,96,44.74333333333333,58.393125,8131.526656520976,96,True
I-95 NB,GP,110+04158,2025-10-28,96,36.36333333333334,57.10934027777778,8243.69201048865,96,True
I-95 NB,GP,110+04158,2025-10-29,96,33.199999999999996,56.41319444444445,8345.867970274958,96,True
I-95 NB,GP,110+04158,2025-10-30,96,37.25,55.07829861111111,8433.34250312662,96,True
I-95 NB,GP,110+04158,2025-10-31,96,33.14666666666667,55.279374999999995,8277.43141018399,96,True
I-95 NB,GP,110P04146,2025-10-01,96,28.49,67.03364583333332,4241.18485549087,96,True
I-95 NB,GP,110P04146,2025-10-02,96,20.7,62.91204861111111,4221.778047475377,96,True
I-95 NB,GP,110P04146,2025-10-03,96,15.576666666666668,58.32600694444445,4464.687231831297,96,True
I-95 NB,GP,110P04146,2025-10-06,96,49.300000000000004,69.10802083333333,3926.9805915356897,96,True
I-95 NB,GP,110P04146,2025-10-07,96,57.673333333333325,68.96760416666667,3971.2685161845166,96,True
I-95 NB,GP,110P04146,2025-10-08,96,23.123333333333335,62.91527777777778,4358.931367062004,96,True
I-95 NB,GP,110P04146,2025-10-09,96,15.5,57.289513888888884,4571.611504775997,96,True
I-95 NB,GP,110P04146,2025-10-10,96,9.040000000000001,51.031736111111115,4421.991107636936,96,True
I-95 NB,GP,110P04146,2025-10-13,96,12.866666666666665,58.92118055555556,4444.46960156891,96,True
I-95 NB,GP,110P04146,2025-10-14,96,46.78666666666667,68.04267361111111,4297.397102754682,96,True
I-95 NB,GP,110P04146,2025-10-15,96,12.536666666666667,66.60402777777777,4209.994546040519,96,True
I-95 NB,GP,110P04146,2025-10-16,96,10.576666666666666,60.9725,4410.669247184064,96,True
I-95 NB,GP,110P04146,2025-10-17,96,17.996666666666666,59.246388888888895,4548.700957800961,96,True
I-95 NB,GP,110P04146,2025-10-20,96,8.823333333333332,61.34163194444445,4115.309868795987,96,True
I-95 NB,GP,110P04146,2025-10-21,96,26.24666666666667,67.97229166666666,4085.9455152877545,96,True
I-95 NB,GP,110P04146,2025-10-22,96,66.24666666666667,69.65177083333333,3800.6140642888317,96,True
I-95 NB,GP,110P04146,2025-10-23,96,5.6000000000000005,62.54378472222223,4148.52750709588,96,True
I-95 NB,GP,110P04146,2025-10-24,96,9.493333333333334,56.6378125,4591.429192692543,96,True
I-95 NB,GP,110P04146,2025-10-27,96,24.959999999999997,66.94934027777778,4179.381108171456,96,True
I-95 NB,GP,110P04146,2025-10-28,96,56.526666666666664,68.59065972222221,4137.2798552874865,96,True
I-95 NB,GP,110P04146,2025-10-29,96,21.72,66.24652777777779,4421.814205483131,96,True
I-95 NB,GP,110P04146,2025-10-30,96,7.426666666666667,63.66121527777778,4296.49896210517,96,True
I-95 NB,GP,110P04146,2025-10-31,96,25.276666666666667,66.5371875,4115.686312539991,96,True
I-95 NB,GP,110P04147,2025-10-01,96,34.07,67.02527777777779,4247.580746005461,96,True
I-95 NB,GP,110P04147,2025-10-02,96,24.25,63.79690972222222,4367.152184949324,96,True
I-95 NB,GP,110P04147,2025-10-03,96,17.703333333333333,56.79600694444445,4433.921845825541,96,True
I-95 NB,GP,110P04147,2025-10-06,96,28.266666666666666,68.31774305555555,3901.576819819074,96,True
I-95 NB,GP,110P04147,2025-10-07,96,34.37,68.62725694444445,3885.580465548412,96,True
I-95 NB,GP,110P04147,2025-10-08,96,23.366666666666664,63.07364583333333,4418.451653341009,96,True
I-95 NB,GP,110P04147,2025-10-09,96,16.293333333333333,57.00326388888889,4500.390906272478,96,True
I-95 NB,GP,110P04147,2025-10-10,96,8.65,50.17069444444444,4337.596142581515,96,True
I-95 NB,GP,110P04147,2025-10-13,96,14.56,56.965243055555554,4405.017281404097,96,True
I-95 NB,GP,110P04147,2025-10-14,96,50.74333333333333,67.55416666666666,4458.4450722402535,96,True
I-95 NB,GP,110P04147,2025-10-15,96,23.916666666666668,66.83611111111111,4387.482416828289,96,True
I-95 NB,GP,110P04147,2025-10-16,96,7.526666666666666,58.928958333333334,4406.097490545195,96,True
I-95 NB,GP,110P04147,2025-10-17,96,18.30333333333333,57.53649305555555,4490.067950653653,96,True
I-95 NB,GP,110P04147,2025-10-20,96,9.973333333333334,57.797673611111115,4146.684325217383,96,True
I-95 NB,GP,110P04147,2025-10-21,96,19.246666666666666,64.14548611111111,4271.754652376817,96,True
I-95 NB,GP,110P04147,2025-10-22,96,27.77,68.36385416666667,3991.211441806709,96,True
I-95 NB,GP,110P04147,2025-10-23,96,18.916666666666668,62.29017361111111,4279.992278886436,96,True
I-95 NB,GP,110P04147,2025-10-24,96,21.709999999999997,58.26184027777777,4559.912824433012,96,True
I-95 NB,GP,110P04147,2025-10-27,96,46.126666666666665,69.10041666666667,3977.6336033686553,96,True
I-95 NB,GP,110P04147,2025-10-28,96,40.62,68.18982638888889,4119.732089200849,96,True
I-95 NB,GP,110P04147,2025-10-29,96,22.573333333333334,66.15680555555555,4440.266839947616,96,True
I-95 NB,GP,110P04147,2025-10-30,96,5.533333333333334,61.650868055555556,4408.635279828252,96,True
I-95 NB,GP,110P04147,2025-10-31,96,25.563333333333333,64.760625,4394.220592267446,96,True
I-95 NB,GP,110P04150,2025-10-01,96,13.450000000000001,59.59413194444445,4899.966743054084,96,True
I-95 NB,GP,110P04150,2025-10-02,96,36.06666666666667,64.87458333333333,4812.754734517392,96,True
I-95 NB,GP,110P04150,2025-10-03,96,11.64,48.43170138888889,4569.83016859556,96,True
I-95 NB,GP,110P04150,2025-10-06,96,14.886666666666665,66.66430555555556,4208.884933374594,96,True
I-95 NB,GP,110P04150,2025-10-07,96,21.403333333333332,66.16649305555556,4529.878373295064,96,True
I-95 NB,GP,110P04150,2025-10-08,96,15.31,57.2346875,4682.939295709269,96,True
I-95 NB,GP,110P04150,2025-10-09,96,12.44,49.69090277777778,4707.020404332784,96,True
I-95 NB,GP,110P04150,2025-10-10,96,12.25,50.00677083333333,4608.710437348377,96,True
I-95 NB,GP,110P04150,2025-10-13,96,12.296666666666667,52.385937500000004,4417.716232952006,96,True
I-95 NB,GP,110P04150,2025-10-14,96,15.596666666666666,63.990625,4641.704650717536,96,True
I-95 NB,GP,110P04150,2025-10-15,96,25.586666666666662,65.40385416666668,4700.877039884376,96,True
I-95 NB,GP,110P04150,2025-10-16,96,14.316666666666668,57.73215277777778,4809.946797792374,96,True
I-95 NB,GP,110P04150,2025-10-17,96,12.516666666666666,51.71333333333333,4499.454360794326,96,True
I-95 NB,GP,110P04150,2025-10-20,96,8.636666666666667,61.52666666666667,4371.408600813781,96,True
I-95 NB,GP,110P04150,2025-10-21,96,6.12,56.46409722222222,4363.878401081193,96,True
I-95 NB,GP,110P04150,2025-10-22,96,23.536666666666665,65.23690972222222,4379.336733262509,96,True
I-95 NB,GP,110P04150,2025-10-23,96,17.026666666666667,62.45649305555556,4819.832036789688,96,True
I-95 NB,GP,110P04150,2025-10-24,96,8.986666666666666,52.74805555555556,4730.621637064277,96,True
I-95 NB,GP,110P04150,2025-10-27,96,11.213333333333333,62.82423611111111,4477.239523804542,96,True
I-95 NB,GP,110P04150,2025-10-28,96,11.86,63.87979166666667,4592.43195590905,96,True
I-95 NB,GP,110P04150,2025-10-29,96,10.85,64.20003472222221,4794.004801238248,96,True
I-95 NB,GP,110P04150,2025-10-30,96,12.066666666666668,62.17864583333333,4787.861062723466,96,True
I-95 NB,GP,110P04150,2025-10-31,96,19.653333333333332,64.48229166666667,4559.989907499233,96,True
I-95 NB,GP,110P04151,2025-10-01,96,18.76,47.56753472222223,5000.989349224832,96,True
I-95 NB,GP,110P04151,2025-10-02,96,19.88,48.858958333333334,4990.326810859094,96,True
I-95 NB,GP,110P04151,2025-10-03,96,17.06,42.07201388888889,4905.519114521628,96,True
I-95 NB,GP,110P04151,2025-10-06,96,17.203333333333333,57.84993055555555,4808.596484554578,96,True
I-95 NB,GP,110P04151,2025-10-07,96,19.209999999999997,62.46871527777778,4717.843547309975,96,True
I-95 NB,GP,110P04151,2025-10-08,96,19.39,53.345798611111114,4973.328363724652,96,True
I-95 NB,GP,110P04151,2025-10-09,96,16.533333333333335,43.66489583333333,4877.2643653411005,96,True
I-95 NB,GP,110P04151,2025-10-10,96,17.963333333333335,45.194375,5097.690513511927,96,True
I-95 NB,GP,110P04151,2025-10-13,96,17.143333333333334,51.48645833333333,4818.979442044745,96,True
I-95 NB,GP,110P04151,2025-10-14,96,16.96666666666667,60.05788194444444,4997.423301603137,96,True
I-95 NB,GP,110P04151,2025-10-15,96,18.046666666666667,55.52024305555556,5098.788859475088,96,True
I-95 NB,GP,110P04151,2025-10-16,96,16.48,49.039409722222224,4880.9857722993165,96,True
I-95 NB,GP,110P04151,2025-10-17,96,16.86,44.05555555555555,4972.1588462693435,96,True
I-95 NB,GP,110P04151,2025-10-20,96,16.416666666666668,57.604097222222215,4953.676891923995,96,True
I-95 NB,GP,110P04151,2025-10-21,96,8.58,54.10010416666666,4741.69418039629,96,True
I-95 NB,GP,110P04151,2025-10-22,96,19.53333333333333,59.24357638888889,4725.303064352371,96,True
I-95 NB,GP,110P04151,2025-10-23,96,17.97,51.734375,5114.001175515968,96,True
I-95 NB,GP,110P04151,2025-10-24,96,10.333333333333334,45.333888888888886,4973.121371649234,96,True
I-95 NB,GP,110P04151,2025-10-27,96,18.72,55.27697916666667,4959.840011929603,96,True
I-95 NB,GP,110P04151,2025-10-28,96,14.87,57.94840277777778,4961.82105317306,96,True
I-95 NB,GP,110P04151,2025-10-29,96,11.85,59.73399305555555,5102.012078399136,96,True
I-95 NB,GP,110P04151,2025-10-30,96,16.5,59.034375000000004,5161.473693272851,96,True
I-95 NB,GP,110P04151,2025-10-31,96,21.166666666666668,51.390173611111116,4957.3613463447755,96,True
I-95 NB,GP,110P04153,2025-10-01,96,17.37333333333333,62.92829861111111,6422.950676997516,96,True
I-95 NB,GP,110P04153,2025-10-02,96,49.13333333333333,66.80836805555556,6358.556928127917,96,True
I-95 NB,GP,110P04153,2025-10-03,96,62.45666666666667,67.22128472222222,6281.029427145963,96,True
I-95 NB,GP,110P04153,2025-10-06,96,22.0,66.87125,6040.286476415866,96,True
I-95 NB,GP,110P04153,2025-10-07,96,21.69666666666667,66.70465277777778,5977.431317880072,96,True
I-95 NB,GP,110P04153,2025-10-08,96,12.386666666666665,63.98777777777778,6319.244672789104,96,True
I-95 NB,GP,110P04153,2025-10-09,96,16.82,63.793819444444445,6675.554687879809,96,True
I-95 NB,GP,110P04153,2025-10-10,96,13.836666666666668,65.66319444444444,6511.8685998951105,96,True
I-95 NB,GP,110P04153,2025-10-13,96,53.82,66.7142361111111,6339.413106697939,96,True
I-95 NB,GP,110P04153,2025-10-14,96,14.163333333333334,62.22152777777777,6515.731177552613,96,True
I-95 NB,GP,110P04153,2025-10-15,96,37.163333333333334,66.30840277777777,6366.442672310021,96,True
I-95 NB,GP,110P04153,2025-10-16,96,50.620000000000005,66.32847222222222,6504.94157295089,96,True
I-95 NB,GP,110P04153,2025-10-17,96,63.56999999999999,66.94590277777777,6415.574058166396,96,True
I-95 NB,GP,110P04153,2025-10-20,96,12.090000000000002,64.54520833333333,6317.078749256342,96,True
I-95 NB,GP,110P04153,2025-10-21,96,8.463333333333333,63.19586805555556,6029.243781870002,96,True
I-95 NB,GP,110P04153,2025-10-22,96,30.613333333333333,66.15736111111111,6040.355476610211,96,True
I-95 NB,GP,110P04153,2025-10-23,96,38.223333333333336,66.01861111111111,6405.962026453577,96,True
I-95 NB,GP,110P04153,2025-10-24,96,50.07666666666666,66.79555555555555,6350.024575457897,96,True
I-95 NB,GP,110P04153,2025-10-27,96,61.06333333333333,67.63309027777778,6059.242913832496,96,True
I-95 NB,GP,110P04153,2025-10-28,96,61.053333333333335,66.86916666666667,6409.740633696335,96,True
I-95 NB,GP,110P04153,2025-10-29,96,4.553333333333334,62.21055555555555,6422.613364738623,96,True
I-95 NB,GP,110P04153,2025-10-30,96,54.48666666666667,65.78788194444444,6524.940837221361,96,True
I-95 NB,GP,110P04153,2025-10-31,96,61.00333333333333,67.80902777777779,5950.9459923300055,96,True
I-95 NB,GP,110P04154,2025-10-01,96,15.673333333333332,61.47965277777778,6496.89136646799,96,True
I-95 NB,GP,110P04154,2025-10-02,96,21.243333333333332,60.40246527777777,6794.818126577379,96,True
I-95 NB,GP,110P04154,2025-10-03,96,16.813333333333333,60.234097222222225,6669.070075524028,96,True
I-95 NB,GP,110P04154,2025-10-06,96,24.47666666666667,64.99805555555555,6138.56158679301,96,True
I-95 NB,GP,110P04154,2025-10-07,96,19.456666666666667,64.99809027777778,6108.251233046682,96,True
I-95 NB,GP,110P04154,2025-10-08,96,15.613333333333335,61.35263888888889,6599.699229775251,96,True
I-95 NB,GP,110P04154,2025-10-09,96,16.376666666666665,54.75163194444445,6964.792833649542,96,True
I-95 NB,GP,110P04154,2025-10-10,96,7.103333333333334,53.14472222222222,6715.483752574203,96,True
I-95 NB,GP,110P04154,2025-10-13,96,15.993333333333334,57.20798611111112,6733.275932466998,96,True
I-95 NB,GP,110P04154,2025-10-14,96,14.856666666666667,60.25694444444445,6443.98417500994,96,True
I-95 NB,GP,110P04154,2025-10-15,96,19.646666666666665,63.184756944444445,6566.716693770217,96,True
I-95 NB,GP,110P04154,2025-10-16,96,19.026666666666667,63.29486111111111,6573.1220757275,96,True
I-95 NB,GP,110P04154,2025-10-17,96,17.856666666666666,58.91319444444445,6842.793790926259,96,True
I-95 NB,GP,110P04154,2025-10-20,96,9.636666666666667,62.403506944444445,6363.9498097611795,96,True
I-95 NB,GP,110P04154,2025-10-21,96,21.646666666666665,63.527048611111105,6479.032876743223,96,True
I-95 NB,GP,110P04154,2025-10-22,96,18.816666666666666,63.23152777777778,6261.720773907625,96,True
I-95 NB,GP,110P04154,2025-10-23,96,16.51,60.799618055555555,6650.602714342284,96,True
I-95 NB,GP,110P04154,2025-10-24,96,14.700000000000001,56.203576388888884,6751.262432977316,96,True
I-95 NB,GP,110P04154,2025-10-27,96,19.346666666666668,64.30857638888888,6359.600624977567,96,True
I-95 NB,GP,110P04154,2025-10-28,96,17.68,61.957256944444445,6485.2972941889575,96,True
I-95 NB,GP,110P04154,2025-10-29,96,18.66,62.94555555555556,6693.111934860582,96,True
I-95 NB,GP,110P04154,2025-10-30,96,37.79333333333333,64.78357638888889,6746.978361715105,96,True
I-95 NB,GP,110P04154,2025-10-31,96,16.31,60.051631944444445,6522.30943560972,96,True
I-95 NB,GP,110P04155,2025-10-01,96,14.513333333333334,49.30934027777778,7637.597735943035,96,True
I-95 NB,GP,110P04155,2025-10-02,96,9.766666666666666,48.538784722222225,7534.647465017229,96,True
I-95 NB,GP,110P04155,2025-10-03,96,16.80666666666667,44.794826388888886,7487.631016560135,96,True
I-95 NB,GP,110P04155,2025-10-06,96,22.959999999999997,57.67239583333333,7722.517345611494,96,True
I-95 NB,GP,110P04155,2025-10-07,96,25.083333333333332,57.37486111111111,7853.063083200817,96,True
I-95 NB,GP,110P04155,2025-10-08,96,15.526666666666666,48.56697916666667,7648.794833764377,96,True
I-95 NB,GP,110P04155,2025-10-09,96,14.976666666666667,44.719027777777775,7313.203907981674,96,True
I-95 NB,GP,110P04155,2025-10-10,96,4.8999999999999995,42.276805555555555,7142.514197986965,96,True
I-95 NB,GP,110P04155,2025-10-13,96,21.143333333333334,50.88986111111111,7672.557599388384,96,True
I-95 NB,GP,110P04155,2025-10-14,96,17.706666666666667,52.678888888888885,7760.478613717234,96,True
I-95 NB,GP,110P04155,2025-10-15,96,22.143333333333334,54.00694444444445,7804.846904860847,96,True
I-95 NB,GP,110P04155,2025-10-16,96,23.983333333333334,51.386423611111105,7741.409001729223,96,True
I-95 NB,GP,110P04155,2025-10-17,96,17.386666666666667,47.71885416666667,7552.9356322807425,96,True
I-95 NB,GP,110P04155,2025-10-20,96,11.233333333333334,53.54055555555556,7658.987017793155,96,True
I-95 NB,GP,110P04155,2025-10-21,96,21.47666666666667,55.05079861111111,7700.734358471999,96,True
I-95 NB,GP,110P04155,2025-10-22,96,17.986666666666668,54.80940972222222,7715.694039841812,96,True
I-95 NB,GP,110P04155,2025-10-23,96,17.400000000000002,48.26003472222222,7504.37216989046,96,True
I-95 NB,GP,110P04155,2025-10-24,96,17.14,45.65802083333333,7350.242741830724,96,True
I-95 NB,GP,110P04155,2025-10-27,96,20.49,55.187951388888884,7497.686056717729,96,True
I-95 NB,GP,110P04155,2025-10-28,96,21.626666666666665,55.662083333333335,7756.9913231209175,96,True
I-95 NB,GP,110P04155,2025-10-29,96,22.320000000000004,55.51756944444444,7998.171209094281,96,True
I-95 NB,GP,110P04155,2025-10-30,96,24.936666666666667,54.837604166666665,8001.388156606641,96,True
I-95 NB,GP,110P04155,2025-10-31,96,15.986666666666665,50.14152777777778,7480.769340314881,96,True
I-95 NB,GP,110P04156,2025-10-01,96,11.693333333333333,53.43534722222222,7781.686410101008,96,True
I-95 NB,GP,110P04156,2025-10-02,96,19.833333333333332,54.20916666666667,7823.894354667334,96,True
I-95 NB,GP,110P04156,2025-10-03,96,30.77333333333333,54.58083333333334,7986.546274446752,96,True
I-95 NB,GP,110P04156,2025-10-06,96,32.79,59.341319444444444,7676.337038242621,96,True
I-95 NB,GP,110P04156,2025-10-07,96,36.93333333333333,59.359861111111115,7794.381912657206,96,True
I-95 NB,GP,110P04156,2025-10-08,96,25.26,52.62291666666667,7833.651265174379,96,True
I-95 NB,GP,110P04156,2025-10-09,96,15.786666666666667,52.404583333333335,7719.163485814202,96,True
I-95 NB,GP,110P04156,2025-10-10,96,5.71,50.891215277777775,7631.269751729651,96,True
I-95 NB,GP,110P04156,2025-10-13,96,38.20333333333333,56.33663194444444,8018.390852094639,96,True
I-95 NB,GP,110P04156,2025-10-14,96,20.11,55.65642361111111,7814.743859015729,96,True
I-95 NB,GP,110P04156,2025-10-15,96,27.21666666666667,55.73475694444445,7867.290947072258,96,True
I-95 NB,GP,110P04156,2025-10-16,96,16.80333333333333,53.91506944444444,7784.265014084307,96,True
I-95 NB,GP,110P04156,2025-10-17,96,30.906666666666666,55.35854166666667,7990.249040018371,96,True
I-95 NB,GP,110P04156,2025-10-20,96,12.5,57.064479166666665,7811.060558054635,96,True
I-95 NB,GP,110P04156,2025-10-21,96,27.71666666666667,57.931041666666665,7803.364095491095,96,True
I-95 NB,GP,110P04156,2025-10-22,96,29.453333333333333,57.789652777777775,7761.083299661025,96,True
I-95 NB,GP,110P04156,2025-10-23,96,20.036666666666665,52.46489583333334,7801.025206469557,96,True
I-95 NB,GP,110P04156,2025-10-24,96,28.683333333333334,54.601840277777775,7957.80186523397,96,True
I-95 NB,GP,110P04156,2025-10-27,96,30.386666666666667,58.633784722222224,7602.515166030789,96,True
I-95 NB,GP,110P04156,2025-10-28,96,31.820000000000004,57.83784722222222,7752.906407628041,96,True
I-95 NB,GP,110P04156,2025-10-29,96,25.900000000000002,57.139270833333335,8016.997813413044,96,True
I-95 NB,GP,110P04156,2025-10-30,96,29.886666666666667,57.21875,8035.573573229059,96,True
I-95 NB,GP,110P04156,2025-10-31,96,29.94666666666667,56.33263888888889,7832.684848809673,96,True
I-95 NB,GP,110P04157,2025-10-01,96,18.563333333333333,53.70670138888889,7860.524904266645,96,True
I-95 NB,GP,110P04157,2025-10-02,96,33.45666666666667,56.42659722222222,8046.6112561738955,96,True
I-95 NB,GP,110P04157,2025-10-03,96,33.18333333333333,55.96930555555556,8131.619198738682,96,True
I-95 NB,GP,110P04157,2025-10-06,96,38.050000000000004,59.61479166666667,7778.229858298596,96,True
I-95 NB,GP,110P04157,2025-10-07,96,32.38333333333333,59.40572916666667,7930.33759639075,96,True
I-95 NB,GP,110P04157,2025-10-08,96,25.346666666666668,53.994236111111114,8060.6728520759525,96,True
I-95 NB,GP,110P04157,2025-10-09,96,17.733333333333334,53.269236111111105,7905.209325428171,96,True
I-95 NB,GP,110P04157,2025-10-10,96,8.393333333333333,51.78378472222223,7808.88175272199,96,True
I-95 NB,GP,110P04157,2025-10-13,96,42.85333333333333,57.9790625,8120.637415466047,96,True
I-95 NB,GP,110P04157,2025-10-14,96,22.506666666666664,56.495694444444446,8050.899553163915,96,True
I-95 NB,GP,110P04157,2025-10-15,96,26.01,56.62052083333333,7952.21922590325,96,True
I-95 NB,GP,110P04157,2025-10-16,96,17.106666666666666,53.605069444444446,7957.484056903879,96,True
I-95 NB,GP,110P04157,2025-10-17,96,36.306666666666665,55.95086805555556,8164.907960444896,96,True
I-95 NB,GP,110P04157,2025-10-20,96,17.603333333333335,56.924930555555555,7945.539070712105,96,True
I-95 NB,GP,110P04157,2025-10-21,96,26.926666666666666,58.31805555555555,7930.616886517183,96,True
I-95 NB,GP,110P04157,2025-10-22,96,26.643333333333334,58.28597222222222,7919.985757001542,96,True
I-95 NB,GP,110P04157,2025-10-23,96,23.87,53.45166666666666,8034.602567882378,96,True
I-95 NB,GP,110P04157,2025-10-24,96,36.43,55.83972222222223,8155.010450089208,96,True
I-95 NB,GP,110P04157,2025-10-27,96,37.82333333333333,59.51392361111112,7820.031838988875,96,True
I-95 NB,GP,110P04157,2025-10-28,96,38.093333333333334,58.416736111111106,7958.156317005539,96,True
I-95 NB,GP,110P04157,2025-10-29,96,32.89666666666667,57.885729166666664,8116.010533827585,96,True
I-95 NB,GP,110P04157,2025-10-30,96,35.56,56.54475694444445,8183.548373708377,96,True
I-95 NB,GP,110P04157,2025-10-31,96,26.44333333333333,56.28319444444444,7976.413625320609,96,True
I-95 NB,GP,110P04159,2025-10-01,96,7.026666666666666,58.14725694444444,7539.995224140132,96,True
I-95 NB,GP,110P04159,2025-10-02,96,7.06,59.504687499999996,7556.255892291748,96,True
I-95 NB,GP,110P04159,2025-10-03,96,55.28,63.785,7444.723797753632,96,True
I-95 NB,GP,110P04159,2025-10-06,96,50.21,64.01982638888889,7374.211306230725,96,True
I-95 NB,GP,110P04159,2025-10-07,96,20.540000000000003,61.930625,7448.4301439661,96,True
I-95 NB,GP,110P04159,2025-10-08,96,16.29,61.30885416666666,7688.7796640599445,96,True
I-95 NB,GP,110P04159,2025-10-09,96,14.293333333333335,57.002534722222215,7736.619589561201,96,True
I-95 NB,GP,110P04159,2025-10-10,96,52.699999999999996,63.078715277777775,7608.207165832481,96,True
I-95 NB,GP,110P04159,2025-10-13,96,32.943333333333335,62.78333333333333,7575.131769308726,96,True
I-95 NB,GP,110P04159,2025-10-14,96,18.86,61.764270833333335,7670.546015616949,96,True
I-95 NB,GP,110P04159,2025-10-15,96,14.479999999999999,61.56534722222222,7495.498375302278,96,True
I-95 NB,GP,110P04159,2025-10-16,96,6.093333333333334,52.935451388888886,7245.985829856499,96,True
I-95 NB,GP,110P04159,2025-10-17,96,19.16,60.41722222222222,7743.187550580453,96,True
I-95 NB,GP,110P04159,2025-10-20,87,59.15,64.1048275862069,7419.48340528403,96,False
I-95 NB,GP,110P04159,2025-10-21,96,58.330000000000005,63.954965277777774,7475.368632424415,96,True
I-95 NB,GP,110P04159,2025-10-22,96,55.99333333333333,64.11440972222222,7399.660068466844,96,True
I-95 NB,GP,110P04159,2025-10-23,96,30.50333333333333,61.40239583333334,7703.990566347504,96,True
I-95 NB,GP,110P04159,2025-10-24,96,56.54333333333333,63.85104166666667,7459.023436415485,96,True
I-95 NB,GP,110P04159,2025-10-27,96,52.99333333333333,63.70222222222222,7468.940146700985,96,True
I-95 NB,GP,110P04159,2025-10-28,96,20.73,61.61329861111111,7580.484355116059,96,True
I-95 NB,GP,110P04159,2025-10-29,96,52.836666666666666,62.58996527777777,7739.433259965572,96,True
I-95 NB,GP,110P04159,2025-10-30,96,46.626666666666665,61.945625,7742.422833536449,96,True
I-95 NB,GP,110P04159,2025-10-31,96,37.6,63.480069444444446,7462.228406362618,96,True
