dataset_id,path,grain,time_coverage,managed_lane_coverage,key_fields,role,readiness,limitation
raw_ritis_oct_2025,/Users/jinxiwu/Library/CloudStorage/Dropbox-ASU/Jinxi Wu/1_map_matching2026/data/raw/ritis/NOVA-Oct1-31-2025--Avg-at-5min-.csv,TMC x 5-minute timestamp,2025-10-01 through 2025-10-31,Yes via TMC mapping,"tmc_code; measurement_tstamp; speed; reference_speed; travel_time_minutes",Primary day-level speed and travel time; inverse-S3 input,Ready,Large file approximately 1.03 GB
tmc_identification,/Users/jinxiwu/Library/CloudStorage/Dropbox-ASU/Jinxi Wu/1_map_matching2026/data/raw/ritis/TMC_Identification.csv,TMC,Static metadata,Contains managed-lane road names but type alone is not sufficient,"tmc; road; direction; intersection; miles; road_order; coordinates",Length ordering and location metadata,Ready,Use corridor mapping facility field as primary classification
daily_speed_stats,/Users/jinxiwu/Library/CloudStorage/Dropbox-ASU/Jinxi Wu/1_map_matching2026/data/processed/cbi_metrics/ritis_tmc_day_period_speed_stats.csv,TMC x date x period,23 weekdays in October 2025,27 managed TMCs across four corridor-direction groups,"date; period; avg_speed_mph; avg_speed_ratio; congestion_duration_hr; severe_duration_hr",Fast day-level screening and cross-check,Ready,AM and PM aggregates only; insufficient by itself for within-period percentile travel time
corridor_tmc_mapping,/Users/jinxiwu/Library/CloudStorage/Dropbox-ASU/Jinxi Wu/T2_Task_3/t2_vt2_analysis (2)/qvdf_projection/data/corridor_tmc_mapping.csv,TMC,Static mapping,Explicit facility GP or HOV,"corridor; facility; orientation; net_link_id; net_lanes; net_capacity_raw; net_free_speed_mph",Primary facility label and network join,Ready,213 TMCs map to 194 unique network links
pm_network,/Users/jinxiwu/Library/CloudStorage/Dropbox-ASU/Jinxi Wu/1_map_matching2026/data/raw/base_2025/pm/link.csv,Model link,PM assignment network,Managed operations represented by allowed_use closure and toll fields,"lanes; capacity; IPMHRLNCAP; IPMHRLKCAP; allowed_use; PMLIMIT; toll; I4PMVOL; I4PMSPD",Capacity and operational-direction audit,Ready,Period-specific; use AM network for AM checks
inverse_s3_reference,/Users/jinxiwu/Library/CloudStorage/Dropbox-ASU/Jinxi Wu/IEEE Big Data/I405--FDQ-dashboard-github/scripts/run_nvta_corridor_dv_forward.py,Code reference,Existing implementation,Facility-neutral once FD parameters and lanes are supplied,"s3_flow; D_congested_veh_s3; D_over_C_h",Reference for speed to flow to D/C calculation,Ready,f_d and n are optional duration-branch cross-check inputs and are not used in inverse S3
existing_nvta_dc_output,/Users/jinxiwu/Library/CloudStorage/Dropbox-ASU/Jinxi Wu/IEEE Big Data/I405--FDQ-dashboard-github/outputs/nvta_corridor_dv_forward_i395nb/corridor_dv_forward.csv,Link x period,Existing I-395 NB average-weekday run,GP proof of method,"D_congested_veh_s3; capacity_vph; D_over_C_h; P_h_longest_episode",Numerical evidence that inverse-S3 D/C already runs,Ready,Average-weekday GP output rather than day-level managed-lane analysis
one_week_selected_extract,/Users/jinxiwu/Library/CloudStorage/Dropbox-ASU/Jinxi Wu/T2_Task_3/t2_vt2_analysis (2)/qvdf_projection/data/ritis_selected_corridors_5min_week_2025-10-06_to_10.csv,TMC x 5-minute timestamp,Five weekdays 2025-10-06 through 2025-10-10,All 12 selected GP and managed corridors,"tmc_code; measurement_tstamp; speed",Small reproducible test input,Ready,Five-day sample only
existing_i395_reliability,/Users/jinxiwu/Library/CloudStorage/Dropbox-ASU/Jinxi Wu/T2_Task_3/t2_vt2_analysis (2)/cbi_trb_paper/reliability_i395_pm.csv,TMC,23 October weekdays,I-395 GP only,"n_days; recurrence; med_dur; p80; p95; buffer",Prior day-to-day reliability proof of concept,Ready,Does not yet include HOV or corridor travel-time PTI
